date,BAEL_close,BP_close,CVX_close,FRO_close,HAFNI_close,INSW_close,LDO_close,LMT_close,NAT_close,NOC_close,RHM_close,RTX_close,SPY_close,STNG_close,TK_close,XOM_close,BAEL_log_ret,BP_log_ret,CVX_log_ret,FRO_log_ret,HAFNI_log_ret,INSW_log_ret,LDO_log_ret,LMT_log_ret,NAT_log_ret,NOC_log_ret,RHM_log_ret,RTX_log_ret,SPY_log_ret,STNG_log_ret,TK_log_ret,XOM_log_ret
2025-11-03,1863.5,33.95321273803711,150.86280822753906,23.494709014892578,63.69683837890625,48.08979797363281,52.08000183105469,481.7245788574219,3.5203909873962402,571.2576293945312,1773.5,175.75926208496094,679.4711303710938,61.26775360107422,9.640000343322754,112.02691650390625,,,,,,,,,,,,,,,,
2025-11-04,1850.0,34.19663619995117,150.22622680664062,22.564228057861328,62.18404006958008,46.926185607910156,51.02000045776367,478.80230712890625,3.4137122631073,572.9751586914062,1729.0,174.33961486816406,671.4169921875,60.392784118652344,9.449999809265137,112.40113067626953,-0.007270800846942573,0.007143801518094924,-0.00422853239645873,-0.040409424515628005,-0.024036552063223936,-0.024494206103260596,-0.020563311372908295,-0.006084745335831552,-0.03077172004256244,0.0030020649725809737,-0.025411788530386052,-0.008110023147095496,-0.011924353295924664,-0.014384032566852377,-0.01990642291477936,0.003334828457231913
2025-11-05,1848.5,34.74191665649414,149.5112762451172,22.612689971923828,62.08451461791992,47.8227424621582,50.5,467.1131286621094,3.462202548980713,566.383056640625,1707.0,172.7412567138672,673.7437133789062,60.949581146240234,9.699999809265137,111.94813537597656,-0.0008111396956838905,0.01581964824566852,-0.004770520272834116,0.002145428894427213,-0.0016017804856556428,0.018925461903657636,-0.010244385404590916,-0.02471631837584695,0.014104622027918949,-0.01157173489698573,-0.012805762888849914,-0.009210357494763722,0.003459398571762206,0.009177354246091937,0.026111144523881125,-0.004038309764792175
2025-11-06,1811.0,34.87823486328125,149.78550720214844,22.990697860717773,62.920536041259766,49.949676513671875,49.630001068115234,462.9468994140625,3.4815986156463623,567.83251953125,1708.0,173.8332977294922,666.514892578125,62.838722229003906,9.75,112.7556381225586,-0.02049532049327318,0.003916061026029781,0.0018325023784962712,0.016578441405752625,0.013376001750232534,0.04351471879544639,-0.017377825160400626,-0.008959114442854542,0.005586599227672055,0.002555887452323182,0.0005856515540746671,0.006301931955263213,-0.010787307565268271,0.030524495644458895,0.005141419163806849,0.00718729561251838
2025-11-07,1807.0,35.618255615234375,151.82261657714844,22.93254280090332,62.661766052246094,50.84623718261719,50.52000045776367,452.5115051269531,3.4525043964385986,564.5066528320312,1708.0,175.6897735595703,667.1710815429688,63.60432052612305,9.729999542236328,115.4342041015625,-0.0022111672911849334,0.020995312826326266,0.013508524419448822,-0.0025327084963277747,-0.004121127753496444,0.017790092510450897,0.017773795422415455,-0.022799170906797082,-0.00839168091162799,-0.005874346387471082,0.0,0.010623008555888566,0.0009840232716329205,0.012109921379235476,-0.0020534358584693275,0.0234777235306416
2025-11-10,1822.0,36.1440544128418,152.43960571289062,23.3590145111084,63.079776763916016,51.15144729614258,50.79999923706055,446.34112548828125,3.5397870540618896,558.9172973632812,1787.0,177.73486328125,677.5818481445312,64.15116882324219,9.859999656677246,116.4189682006836,0.008266787227675204,0.01465416056788773,0.004055646322427719,0.018425985259449527,0.006648753342544531,0.0059846657508103186,0.005527033022613976,-0.013729673489517296,0.02496669140877129,-0.009950654135711815,0.045215140810912866,0.011573118195828493,0.015483847432383142,0.008560910215895176,0.013272284643505099,0.008494772887046862
2025-11-11,1799.0,36.368003845214844,153.01744079589844,23.3590145111084,64.11485290527344,50.70316696166992,49.95000076293945,451.247802734375,3.5203909873962402,562.650146484375,1731.5,177.92349243164062,679.1329956054688,62.242149353027344,9.800000190734863,117.9552001953125,-0.01270384386937057,0.006176907670344517,0.0037834175304508008,0.0,0.016275828523236058,-0.008802413758572984,-0.016873819197317442,0.010933125326372077,-0.0054945117101717475,0.00665651080518916,-0.03155015131695135,0.0010607323857127387,0.0022866236688574054,-0.030209898474450433,-0.006103728655524326,0.013109413943218164
2025-11-12,1792.0,35.890892028808594,150.1576690673828,24.115032196044922,64.39351654052734,51.06560516357422,50.18000030517578,451.21820068359375,3.559183120727539,554.5391235351562,1745.0,176.40455627441406,679.5109252929688,62.659751892089844,9.949999809265137,116.32048797607422,-0.003898640415657309,-0.01320581346786444,-0.01886603786103313,0.03185241857888054,0.004336901529930293,0.007122808434739761,0.004594026651272543,-6.56025837643531e-05,0.010958998657696622,-0.014520664821298185,0.007766470794050938,-0.008573667635008969,0.0005563336963194146,0.006686913345324598,0.015190126861900974,-0.013955684121077429
2025-11-13,1806.5,35.53062057495117,152.3710479736328,24.279804229736328,64.95087432861328,51.11329650878906,51.36000061035156,450.0433654785156,3.5882773399353027,553.9732666015625,1745.0,172.7015380859375,668.235107421875,61.406951904296875,10.029999732971191,116.98028564453125,0.00805895705281907,-0.010088683268284436,0.014632782114071692,0.006809514508564546,0.00861825138476262,0.0009334872052342515,0.02324312424559972,-0.002607091913438895,0.00814117967126599,-0.0010209303707886985,0.0,-0.021215081231895232,-0.016733243059015003,-0.020196273985342558,0.008008043349663842,0.00565621294158764
2025-11-14,1807.0,36.062721252441406,154.3689727783203,24.696584701538086,64.23428344726562,51.48527145385742,50.459999084472656,459.83697509765625,3.607673406600952,553.9732666015625,1727.0,174.29989624023438,668.1256713867188,61.496437072753906,10.050000190734863,118.50015258789062,0.0002767400045336037,0.014864803394419398,0.01302701260960614,0.017020059747694407,-0.011094126345196208,0.0072511065656884624,-0.01767874619621182,0.021528078854978216,0.005390841133163331,0.0,-0.01036875648984896,0.009212466004413604,-0.00016378217190490574,0.0014561874170350643,0.0019920781328459803,0.01290882640032696
2025-11-17,1805.0,36.03310775756836,151.62673950195312,24.522117614746094,66.0854721069336,51.122833251953125,51.08000183105469,464.7831726074219,3.704653739929199,558.9669799804688,1723.0,174.35946655273438,661.901123046875,61.21803665161133,10.170000076293945,116.90081024169922,-0.0011074198252472003,-0.000821503738707847,-0.017923824294715257,-0.007089492787101526,0.028411857873796603,-0.007064543494217697,0.012212141941854684,0.010698976663600125,0.026526718003142293,0.008973971256902118,-0.00231884161874901,0.0003417106748688709,-0.009360102835536118,-0.00453737673039517,0.011869564078653519,-0.013588448715161084
2025-11-18,1805.0,36.22067642211914,152.1317901611328,24.97766876220703,64.59257507324219,52.15291976928711,50.15999984741211,468.6729736328125,3.782238245010376,562.6700439453125,1716.0,173.45603942871094,656.3427734375,61.92397689819336,10.489999771118164,118.24187469482422,0.0,0.005191951896431244,0.0033253461237180136,0.018406706077707214,-0.022849468883003855,0.019948935700350386,-0.01817517372849883,0.008334239495557182,0.020726165830687586,0.006602987134225811,-0.004070956480022029,-0.00519487567516871,-0.008433010863377237,0.011465590983565154,0.030980183026824048,0.011406512550304483
2025-11-19,1724.5,35.490142822265625,150.2303924560547,24.425193786621094,65.18973541259766,51.27543640136719,47.720001220703125,463.9242858886719,3.656163454055786,560.9227294921875,1596.0,172.51290893554688,658.8783569335938,60.75072479248047,10.229999542236328,116.572998046875,-0.04562343839008565,-0.02037513671057219,-0.012577120278541732,-0.02236704432843934,0.009202556980632758,-0.016968352866161985,-0.04986727047239199,-0.010183878918087513,-0.03390160167004699,-0.003110229796756694,-0.07249550203815347,-0.00545212415094802,0.003855757148191913,-0.019128440721150566,-0.025097865372803268,-0.01421464261545658
2025-11-20,1755.0,35.263084411621094,148.85385131835938,24.221651077270508,65.62764739990234,50.56010055541992,49.099998474121094,462.2952880859375,3.6173713207244873,563.2557983398438,1637.0,171.48043823242188,648.8355712890625,59.816097259521484,9.970000267028809,116.24517822265625,0.017531703523070506,-0.006418341579475105,-0.009205104490227612,-0.008368226046834017,0.0066950372132268295,-0.014049076249060289,0.028508380913260967,-0.003517523334930374,-0.010666753468475216,0.004150714747679647,0.025364799361380922,-0.006002870764798791,-0.015359602533844793,-0.015504203215255457,-0.02574392445937498,-0.0028161035028936936
2025-11-21,1713.0,35.51976013183594,148.5270538330078,25.103670120239258,64.47313690185547,51.971702575683594,46.040000915527344,454.9105529785156,3.733747720718384,562.6104736328125,1519.5,169.11827087402344,655.2987670898438,61.48649597167969,10.229999542236328,116.3047866821289,-0.024222637575846303,0.0072525156891590815,-0.002197838605237026,0.03576714958236599,-0.017748406522767695,0.027536650554137537,-0.06434839998435261,-0.01610302584763079,0.0316648725304634,-0.0011463613286352061,-0.07448396501428718,-0.013870899500797177,0.009911937023691694,0.027542763330844194,0.025743924459375064,0.0005126507828331335
2025-11-24,1652.0,35.450653076171875,148.29928588867188,24.19257164001465,62.42290496826172,51.96216583251953,44.970001220703125,445.3143615722656,3.694955587387085,561.4786987304688,1443.0,172.63661193847656,664.9437866210938,59.845924377441406,10.1899995803833,115.20213317871094,-0.03625954424319656,-0.0019474897885536722,-0.0015346885269957118,-0.0369684263609948,-0.03231638008526382,-0.00018351560154334558,-0.023514975811710023,-0.021320349503676173,-0.010443945418005687,-0.0020136752716856574,-0.051657053582976946,0.020590578493596013,0.014611241086193577,-0.027044240606096278,-0.003917729160983412,-0.009525951468846959
2025-11-25,1621.0,35.23346710205078,147.09109497070312,23.252395629882812,60.273136138916016,51.351741790771484,45.38999938964844,446.6471862792969,3.646465539932251,565.3108520507812,1468.0,171.58010864257812,671.1982421875,58.523529052734375,9.970000267028809,113.75180053710938,-0.018943432345247303,-0.006145274414239227,-0.008180345290376962,-0.03963746444774896,-0.03504577385550368,-0.011817017847308705,0.009296175094097024,0.002988527257097617,-0.013210181455027153,0.006801923380568826,0.017176650400589927,-0.006138612974753002,0.009362030553383407,-0.022344452995103976,-0.0218261952983915,-0.012669378663211325
2025-11-26,1644.0,35.47039794921875,148.0615997314453,22.79684829711914,60.810577392578125,50.63640594482422,45.56999969482422,448.3748779296875,3.646465539932251,563.0175170898438,1495.5,172.61666870117188,675.8318481445312,57.57896041870117,9.789999961853027,114.01007843017578,0.01408905388044904,0.006702087187641319,0.006576313046435633,-0.019785870746856008,0.008877243147306663,-0.014028053111680889,0.003957795557388666,0.0038606730836848566,0.0,-0.004065018981447837,0.018559668895541916,0.0060230848193657165,0.006879763512976049,-0.016271648938631263,-0.018219158111082382,0.002267965165596717
2025-11-27,1654.0,,,,60.352752685546875,,46.189998626708984,,,,1514.0,,,,,,0.006064299967511446,,,,-0.007557185588053267,,0.013513696132230526,,,,0.012294555927391423,,,,,
2025-11-28,1650.5,35.638221740722656,149.66592407226562,22.79684829711914,60.63142776489258,50.521949768066406,46.90999984741211,452.0277404785156,3.5300889015197754,568.1204223632812,1480.5,174.3309783935547,679.5208129882812,57.00227737426758,9.710000038146973,115.1524658203125,-0.002118324290388942,,,,0.004606810099652771,,0.015467574376422625,,,,-0.02237528645574809,,,,,
2025-12-01,1609.5,36.04297637939453,151.06224060058594,22.14744758605957,58.859859466552734,49.1103515625,45.68000030517578,436.8875427246094,3.5397870540618896,543.7684326171875,1448.0,167.4637908935547,676.41845703125,55.24239730834961,9.350000381469727,115.8577651977539,-0.02515470055438488,0.01129330845758874,0.009286303889466035,-0.02890003710660857,-0.029654013411136635,-0.028338052021522907,-0.02657029705910152,-0.034067728013883886,0.0027435159219520505,-0.043809926558486784,-0.02219657459598429,-0.04018851292042628,-0.004575959173217758,-0.03136049532028477,-0.03777990213236501,0.006106236644341464
2025-12-02,1624.0,35.8948974609375,148.79443359375,22.58361053466797,58.60109329223633,49.15803909301758,45.959999084472656,439.5037536621094,3.559183120727539,545.2237548828125,1490.0,168.24119567871094,677.67138671875,56.02787780761719,9.470000267028809,114.61603546142578,0.008968669982760316,-0.004116861388736281,-0.015126228240943257,0.01950218889792314,-0.004406001941146647,0.0009705569398839257,0.006110861031979093,0.0059704351692158415,0.005464486947524928,0.002672788930366016,0.028592825993843052,0.004631484225161034,0.0018505862825212542,0.014118659207397175,0.012752551295830323,-0.010775556681884336
2025-12-03,1643.5,36.76364517211914,150.1214599609375,22.874387741088867,60.39256286621094,49.949676513671875,46.72999954223633,444.4576416015625,3.6270694732666016,551.5535278320312,1519.0,167.89234924316406,680.0180053710938,56.25656509399414,9.59000015258789,117.02001953125,0.011935872382650871,0.023914300560408438,0.008878986457094656,0.012793399772292791,0.03011261273232718,0.015975633231008035,0.01661491385594322,0.011208498084065328,0.018893956524334104,0.011542622784505303,0.019276103656268015,-0.002075642648949664,0.003456786217426821,0.004073362198196416,0.01259196941116647,0.020757307280953843
2025-12-04,1686.5,36.75376892089844,150.7849578857422,22.525455474853516,59.715789794921875,49.24388122558594,47.349998474121094,445.99951171875,3.6270694732666016,551.2344970703125,1540.0,170.74288940429688,680.51513671875,55.62022018432617,9.579999923706055,116.36438751220703,0.02582726139743083,-0.0002686778745405652,0.004410002318116311,-0.015371821237340344,-0.011269494899889246,-0.01423090804543902,0.013180440490147716,0.0034631012899781844,0.0,-0.0005785894721645612,0.013730192811902037,0.016835858568151042,0.0007307890626128348,-0.011375939532508471,-0.001043320787601026,-0.005618487987819146
2025-12-05,1673.0,35.371681213378906,148.54685974121094,22.661151885986328,59.93474578857422,48.76698684692383,47.20000076293945,449.829345703125,3.6270694732666016,547.2173461914062,1529.5,170.53358459472656,681.8078002929688,55.57050704956055,9.390000343322754,115.76836395263672,-0.008036953514880906,-0.038329241798435915,-0.01495423955133926,0.006006063609131553,0.003659929092596573,-0.00973153593345934,-0.0031728786510743768,0.00855042184852321,0.0,-0.007314237420027484,-0.006841531816716712,-0.0012265998494424165,0.0018977350040129193,-0.000894195753815862,-0.020032254236127256,-0.0051352070363859985
2025-12-08,1691.0,35.32231521606445,147.2693634033203,22.787155151367188,58.804351806640625,49.22480773925781,48.189998626708984,462.94024658203125,3.462202548980713,551.792724609375,1529.5,170.9521942138672,679.7594604492188,55.25233840942383,9.420000076293945,115.21207427978516,0.010701647911756276,-0.0013966109664728561,-0.008637148200357561,0.005544918895210638,-0.01904053771509516,0.009344133871602264,0.02075759339933281,0.028729709632428466,-0.04652005319667429,0.008326411146566999,0.0,0.0024516969947228208,-0.003008799415334641,-0.005741948115228464,0.0031897669046521294,-0.004816778015178573
2025-12-09,1726.5,35.09526062011719,147.05149841308594,22.050521850585938,57.62706756591797,48.031768798828125,49.459999084472656,464.44232177734375,3.423410415649414,548.8720703125,1641.5,171.36082458496094,679.1727905273438,54.417137145996094,9.34000015258789,117.467041015625,0.02077616793146674,-0.006448827018940893,-0.0014804593101699901,-0.03286073834746345,-0.020223482140959207,-0.02453507680615659,0.026012741427996332,0.003239389136868409,-0.01126770963009637,-0.005307085618444779,0.0706695733506892,0.0023874672755773868,-0.0008634278241621205,-0.015231538335404181,-0.00852882810963219,0.0193832380155677
2025-12-10,1706.5,35.42103958129883,149.94320678710938,22.089292526245117,56.84886169433594,47.8377799987793,48.63999938964844,465.48681640625,3.374920129776001,553.5869750976562,1610.0,174.1416015625,683.6771850585938,54.06914138793945,9.1899995803833,118.74849700927734,-0.011651748483285271,0.009239885758119768,0.019473746213336217,0.0017567217342121227,-0.013596183312754428,-0.004046938099520074,-0.01671801847324488,0.002246397118349343,-0.01426559296871718,0.008553485139936774,-0.019376278963138722,0.01609735164888931,0.006610281415951135,-0.006415501690079851,-0.016190377870331084,0.010849993829182895
2025-12-11,1691.0,35.07551574707031,149.2598876953125,22.254064559936523,57.50734329223633,47.440101623535156,47.63999938964844,472.39044189453125,3.3458261489868164,558.2520141601562,1602.5,176.83265686035156,685.26806640625,52.915771484375,9.239999771118164,118.74849700927734,-0.009124419448181468,-0.00980265204318016,-0.004567601688644588,0.0074316787396895775,0.011516452050090104,-0.008347807021960859,-0.020773493434211605,0.014722076087115107,-0.008658015442207396,0.008391622318126908,-0.004669269183683612,0.015335073554717322,0.002324244979309141,-0.021562191498312497,0.005425970175377743,0.0
2025-12-12,1700.5,34.80896759033203,148.53695678710938,22.157140731811523,57.08831024169922,47.090919494628906,48.18000030517578,477.7322692871094,3.326430082321167,567.9410400390625,1616.0,178.0685577392578,677.9000854492188,51.69280242919922,9.180000305175781,118.03326416015625,0.0056022555486697516,-0.00762828704058709,-0.0048552047594551725,-0.004364843573590496,-0.007313277689763792,-0.007387706446391886,0.011271271845447656,0.011244618437787504,-0.005813961763140501,0.017207111881853282,0.00838905028621553,0.006964788081934111,-0.010810189042095767,-0.023382878312117394,-0.006514623006883317,-0.006041301668911115
2025-12-15,1693.5,34.799095153808594,148.3488006591797,22.050521850585938,56.62936782836914,47.36250686645508,48.150001525878906,481.88043212890625,3.3943161964416504,573.9517211914062,1573.5,181.50714111328125,676.8758544921875,51.78228759765625,9.270000457763672,116.98028564453125,-0.004124932189423696,-0.00028365784653201206,-0.0012675323649050108,-0.004823556900311239,-0.00807165451937719,0.0057507309318256756,-0.0006228335865549619,0.00864554767498137,0.020202644244389775,0.010527672774389603,-0.02665152257657913,0.01912636593052643,-0.001512030324677354,0.0017295987032588547,0.009756191083009208,-0.008961062566207463
2025-12-16,1664.5,33.328155517578125,145.32833862304688,21.79851531982422,56.21033477783203,46.6059455871582,46.27000045776367,474.5589904785156,3.3458261489868164,566.904296875,1502.0,179.3343505859375,675.0264282226562,51.096229553222656,9.140000343322754,113.9206771850586,-0.01727261524274672,-0.043188834333372256,-0.020570675351049963,-0.011494405425442274,-0.007427084032790496,-0.016102800621088376,-0.039827357122023406,-0.01531008548612481,-0.014388682481249138,-0.012354782458423716,-0.046504884180381456,-0.01204305401779081,-0.002736037133594218,-0.013337443685889279,-0.01412300593023449,-0.02650302979824149
2025-12-17,1681.0,34.029075622558594,148.07151794433594,22.22498893737793,56.489688873291016,47.634090423583984,46.400001525878906,472.3009033203125,3.3555240631103516,562.3887939453125,1527.0,176.61338806152344,667.5986938476562,51.53371810913086,9.420000076293945,116.63260650634766,0.009864076393536043,0.020812773758280095,0.0186997995822885,0.019375420763469976,0.004957490842368819,0.021820569568188838,0.002805679305307469,-0.004769642169555331,0.0028943184840702504,-0.007997086020464683,0.016507472894552424,-0.015288848505555761,-0.01106460773219221,0.008525605163189735,0.03017467365869418,0.02352648692271791
2025-12-18,1715.5,32.883914947509766,146.25924682617188,21.32358169555664,55.571807861328125,46.67384338378906,48.29999923706055,467.67529296875,3.277939796447754,557.7337036132812,1550.0,177.69976806640625,672.6399536132812,50.688575744628906,9.220000267028809,115.76836395263672,0.020315728889888876,-0.0342316936933317,-0.012314676124896269,-0.04140370147901053,-0.01638210387182778,-0.020364781355729732,0.04013205274514868,-0.009842052827429055,-0.023392847622074858,-0.008311800079518926,0.014949904694659908,0.0061323345779432294,0.007522963990016468,-0.01653575927361511,-0.02146003015700477,-0.007437546718929789
2025-12-19,1724.0,33.50585174560547,146.3186492919922,21.05219078063965,54.194984436035156,46.91632843017578,49.220001220703125,471.6443786621094,3.2682416439056396,566.6452026367188,1559.5,181.40745544433594,678.7363891601562,50.96697235107422,9.170000076293945,115.91736602783203,0.004942588925134005,0.018736471703097904,0.00040606257290563125,-0.012808952362336644,-0.025087653724800336,0.005181860109469614,0.01886852490118789,0.008451029901426679,-0.0029629975049645335,0.015851748157785537,0.006110326134565623,0.020650206346845584,0.009022618958016409,0.0054772672552013376,-0.005437771942087989,0.0012862431859791252
2025-12-22,1717.5,33.70329666137695,148.3488006591797,21.168500900268555,54.01539993286133,47.29460906982422,49.40999984741211,481.0348815917969,3.3167319297790527,582.7933959960938,1545.0,185.0653076171875,682.96484375,50.917259216308594,9.289999961853027,117.3676986694336,-0.003777427127134017,0.005875553803890894,0.01377948932075208,0.005509640378938414,-0.00331917623421587,0.008030546826464587,0.0038527600055932518,0.019714519805430743,0.014727822921378224,0.028099379788145064,-0.00934134671601213,0.019963140621339727,0.006210566721978087,-0.0009758750288660904,0.013001254131182867,0.012434155007280614
2025-12-23,1710.0,34.13766860961914,149.05191040039062,20.848648071289062,53.396827697753906,46.43135452270508,49.45000076293945,480.02020263671875,3.277939796447754,578.2081298828125,1541.0,185.14505004882812,686.0863037109375,50.499664306640625,9.170000076293945,118.62928771972656,-0.004376374599798888,0.012805769566026684,0.004728375051213296,-0.01522516474466133,-0.011517852056524466,-0.01842134080479586,0.0008092437277635645,-0.002111594535533102,-0.011764825416413749,-0.00789885258774904,-0.0025923540117300556,0.00043079525584648596,0.004560042005282501,-0.008235258086088446,-0.013001254131182919,0.01069167100353558
2025-12-24,1711.5,33.871124267578125,149.04202270507812,20.771106719970703,,46.56714630126953,,483.20343017578125,3.287637948989868,580.4907836914062,,185.76300048828125,688.4996948242188,50.71840286254883,9.109999656677246,118.43061828613281,0.0008768084735343862,-0.00783856603063645,-6.633946027094347e-05,-0.003726184424944047,,0.0029203024536071077,,0.006609553626403591,0.0029542440807391627,0.003940034352013483,,0.0033320981321949958,0.0035114479496600164,0.004322131464147398,-0.006564621002819147,-0.0016761120296728796
2025-12-26,,33.831634521484375,148.56666564941406,21.139423370361328,,47.08122253417969,,480.4977111816406,3.326430082321167,575.5267333984375,,184.5570068359375,688.4298706054688,51.15589141845703,9.180000305175781,118.32134246826172,,-0.0011665625235493656,-0.0031945133224469784,0.017576782348526377,,0.010978971723585498,,-0.005615280479822633,0.011730323294124994,-0.00858824495487376,,-0.006513274421860656,-0.0001014201750952399,0.008588844681374608,0.007654564290443036,-0.0009231249894017772
2025-12-29,1698.5,34.00933074951172,149.5272674560547,21.449583053588867,53.8757209777832,47.672889709472656,48.47999954223633,486.30706787109375,3.374920129776001,575.9354248046875,1526.0,183.8094940185547,685.9765625,51.334861755371094,9.180000305175781,119.73194122314453,,0.005238623409805446,0.006444982772633816,0.014565503763396416,,0.01248863719500288,,0.012017786287866735,0.014471977205347977,0.0007098651405960893,,-0.004058533236411434,-0.0035699930558561223,0.003492422746063035,0.0,0.011851256518047783
2025-12-30,1714.0,34.30549240112305,150.83447265625,21.05219078063965,54.274803161621094,46.90663146972656,49.15999984741211,485.441650390625,3.3167319297790527,572.7356567382812,1561.0,183.4008331298828,685.138916015625,50.41017532348633,9.029999732971191,120.18889617919922,0.009084311557086493,0.008670548890089854,0.008704260755520594,-0.01870057732125585,0.007380158319230375,-0.016203825016264786,0.013928949275191728,-0.0017811553398549113,-0.017391719163798232,-0.005571266473555263,0.02267670867102972,-0.0022257601552463082,-0.0012218468855631148,-0.01817704171852659,-0.016474900018350756,0.0038092190202606772
2025-12-31,1714.0,34.28574752807617,150.9335174560547,21.14911651611328,,47.090919494628906,,481.1343688964844,3.336127996444702,568.3895874023438,,182.79286193847656,680.062744140625,50.53943634033203,9.029999732971191,119.54319763183594,0.0,-0.0005757258102534315,0.0006564301490318131,0.004593502529289011,,0.003921128989734649,,-0.00891251162825588,0.005830912370164748,-0.007617201305666155,,-0.003320492723940654,-0.0074365500962735335,0.002560903115105158,0.0,-0.005386847447175225
2026-01-02,1754.0,35.371681213378906,154.3896942138672,19.947240829467773,52.41908264160156,45.57780456542969,51.220001220703125,494.464111328125,3.2682416439056396,583.7902221679688,1602.0,186.630126953125,681.309326171875,49.405948638916016,8.819999694824219,121.83790588378906,0.023069073774403294,0.031181790417546026,0.022640429928986638,-0.05850730284838962,,-0.032659334352685705,,0.02732798844377574,-0.02055873529154301,0.02673463276304446,,0.020775117653419148,0.0018313617663269853,-0.02268311441807005,-0.023530502439326403,0.0190137285013822
2026-01-05,1851.0,35.65796661376953,162.2626953125,20.150785446166992,52.95783996582031,45.40321350097656,54.41999816894531,508.8880920410156,3.3070340156555176,609.3683471679688,1752.0,187.6367645263672,685.846923828125,49.22697830200195,8.739999771118164,124.52996063232422,0.05382713964136919,0.008061055049451633,0.049736709857231984,0.010152438108029946,0.010225427071182881,-0.0038379715346017044,0.06060159510444898,0.02875356115968204,0.011799603194726165,0.04288121454370073,0.08950514386803222,0.005379262892530178,0.006638033243240065,-0.0036290220493649023,-0.00911167193867993,0.02185481359161488
2026-01-06,1881.5,33.92048263549805,155.02349853515625,20.945573806762695,54.0553092956543,47.003623962402344,54.58000183105469,519.3031616210938,3.3458261489868164,608.6605834960938,1740.5,189.76968383789062,689.92578125,51.434288024902344,8.880000114440918,120.24850463867188,0.01634329745999444,-0.04995354985875566,-0.04563988901946783,0.03868408231476335,0.020511643944737545,0.034641819818390734,0.0029358491199043208,0.02025970515548851,0.011661923448243081,-0.0011621460438496734,-0.006585564244843118,0.011303156209644871,0.005929568682081867,0.04386321957054166,0.015891406411978653,-0.03498586113164206
2026-01-07,1926.0,33.23930740356445,153.6964874267578,22.942235946655273,55.871116638183594,52.48382568359375,57.36000061035156,494.26513671875,3.646465539932251,575.1679077148438,1825.0,185.11514282226562,687.701904296875,55.789249420166016,9.6899995803833,117.7054443359375,0.02337598232457893,-0.020285905927691424,-0.00859691203465831,0.09105222638479256,0.03303978103797784,0.11028033559263593,0.049679658103801844,-0.04941575185396526,0.08604470987052883,-0.056598766593866805,0.04740755876509835,-0.024833121431022946,-0.0032285629973805552,0.08127615584714454,0.08729281270700764,-0.021375204234605708
2026-01-08,2023.0,33.693424224853516,157.70724487304688,23.678869247436523,57.50734329223633,52.871803283691406,58.52000045776367,515.7220458984375,3.782238245010376,588.9038696289062,1851.0,186.55038452148438,687.632080078125,55.85885238647461,9.710000038146973,122.09618377685547,0.04913624480967459,0.013569557924000518,0.025760636923529714,0.03160348120931639,0.02886509944353237,0.007365137633891581,0.020021377042186695,0.042495862392853044,0.036557609481091706,0.023600949286059977,0.014146046556905526,0.007723335784227262,-0.00010153783677743937,0.0012468277417931504,0.002061903633284065,0.036623856492701834
2026-01-09,2053.0,33.85137939453125,160.53955078125,24.211957931518555,57.9263801574707,52.77480697631836,58.47999954223633,540.07373046875,3.791936159133911,616.8444213867188,1900.0,187.8759765625,692.1796264648438,54.49668502807617,9.59000015258789,123.78492736816406,0.01472057985118808,0.0046770572760872235,0.0177999007560666,0.02226358302197753,0.007260247583999862,-0.0018362413027455868,-0.0006837763604423659,0.04613771853606596,0.002560785877292275,0.04635387789242385,0.026127852581034255,0.007080685107256283,0.006591570183952557,-0.024688141199814943,-0.012435381425368276,0.013736477255695833
2026-01-12,2093.0,33.96984100341797,160.76730346679688,24.396116256713867,56.70918655395508,52.823307037353516,58.68000030517578,548.35009765625,3.840426445007324,627.3108520507812,1890.0,193.20828247070312,693.2666625976562,54.615997314453125,9.569999694824219,123.2087631225586,0.019296305427066077,0.003493352925891625,0.0014176648937301568,0.00757730930098705,-0.02123667870157837,0.0009185782321676533,0.0034141508616320885,0.015208279154332233,0.012706665241371628,0.016825355806379855,-0.005277057100843781,0.027986744793616236,0.0015692219387488094,0.0021869562981886343,-0.002087731230426785,-0.0046654251736998106
2026-01-13,2072.0,34.907691955566406,162.28248596191406,25.22967529296875,59.841957092285156,54.171531677246094,58.97999954223633,555.3731079101562,3.9374067783355713,623.5030517578125,1904.0,193.43751525878906,691.8804931640625,59.746498107910156,9.8100004196167,125.7021484375,-0.010084119066626047,0.027234103135234118,0.00938055776770624,0.0335969428682904,0.053770820588846975,0.025203010171878322,0.005099437150334029,0.012726207084024626,0.02493891470715057,-0.006088534904158728,0.00738010729762246,0.0011857509704779978,-0.002001476724789629,0.08978374907686096,0.024769142775588004,0.020035029424735264
2026-01-14,2038.0,35.3618049621582,165.61985778808594,25.307214736938477,60.50043869018555,54.76319885253906,58.099998474121094,569.6976318359375,3.9374067783355713,651.0548095703125,1899.0,198.18174743652344,688.479736328125,58.951072692871094,9.90999984741211,129.33790588378906,-0.01654538959670358,0.012925076979718684,0.020356591753691804,0.003068629857104611,0.010943577537338932,0.010862889926505803,-0.01503275803090367,0.025465595234776383,0.0,0.04324017188533629,-0.002629504539024735,0.024229984251847865,-0.004927356850498766,-0.013402756547586927,0.01014201659287717,0.028513197865626123
2026-01-15,2041.0,34.70037841796875,164.55030822753906,25.15213394165039,58.44518280029297,54.103633880615234,58.02000045776367,574.8604125976562,3.966501235961914,652.5201416015625,1913.5,199.16847229003906,690.3546142578125,58.03633117675781,9.6899995803833,128.27500915527344,0.0014709490271745819,-0.018881689466262366,-0.0064788003994032594,-0.006146781028004704,-0.03456134730117616,-0.0121170612811464,-0.001377851011874751,0.009021501010379457,0.00736207683186244,0.0022481755224237907,0.007606594053471183,0.004966534974840819,0.0027195131661778946,-0.015638609434468348,-0.022449950345954168,-0.008251936901502596
2026-01-16,2088.0,34.92743682861328,164.6493377685547,25.48168182373047,59.42292785644531,54.6759033203125,59.02000045776367,579.3765869140625,3.966501235961914,664.7709350585938,1902.0,201.25155639648438,689.7761840820312,58.74227523803711,9.670000076293945,129.02996826171875,0.02276678619268449,0.006522083587314014,0.0006016382168523937,0.013017092645719583,0.01659087395576526,0.010521734766074977,0.017088590687856064,0.007825424700142771,0.0,0.018600515682556436,-0.006028061760421344,0.010404588928024943,-0.0008382252035026964,0.012090445029957793,-0.002066065243617587,0.005868221287479241
2026-01-19,2086.0,,,,58.245643615722656,,60.0,,,,1920.0,,,,,,-0.0009583134418115908,,,,-0.020010840806389294,,0.016468184951230203,,,,0.009419221916491558,,,,,
2026-01-20,2066.0,34.70037841796875,163.69863891601562,25.123056411743164,57.24794387817383,54.55950927734375,59.560001373291016,573.0399780273438,3.9374067783355713,655.2015380859375,1909.0,195.7099609375,675.7345581054688,57.72810363769531,9.65999984741211,129.59620666503906,-0.009633985881133934,,,,-0.017277574938479808,,-0.007360331349022465,,,,-0.005745641296079625,,,,,
2026-01-21,2062.0,35.46052551269531,165.11477661132812,25.559221267700195,57.347713470458984,56.32481384277344,58.68000030517578,583.1566772460938,3.966501235961914,662.0396118164062,1853.5,196.84619140625,683.5332641601562,58.463871002197266,9.800000190734863,132.725341796875,-0.001937985102678577,0.021669528098896072,0.008613678057781933,0.017212155569808422,0.0017412460437233844,0.031843161946604415,-0.014885272397619298,0.01750040941558494,0.00736207683186244,0.010382510685431556,-0.029503801134960605,0.005788897384560889,0.0114749889632404,0.012664854030114348,0.014388772710688516,0.023858379762521975
2026-01-22,1985.0,34.9767951965332,165.04547119140625,24.531810760498047,56.01079559326172,54.608009338378906,56.86000061035156,590.79638671875,3.8889167308807373,668.2996215820312,1790.5,195.6900177001953,687.103515625,56.763648986816406,9.579999923706055,132.75514221191406,-0.03805747145561444,-0.013735273182532504,-0.00041982898547638406,-0.041027488462229644,-0.023588522434523647,-0.03095461808591968,-0.031506841518318146,0.013015541348015353,-0.019753761863103098,0.009411217549652663,-0.03458083315229952,-0.0058908045813439594,0.005209636268787033,-0.029512835520365852,-0.022704821120375446,0.0002245017389922681
2026-01-23,2027.0,36.062721252441406,165.10488891601562,25.258750915527344,56.74909591674805,55.539154052734375,58.060001373291016,587.7225952148438,3.9374067783355713,670.8015747070312,1830.0,195.2813720703125,687.352783203125,58.19541549682617,9.649999618530273,134.0763397216797,0.020937953330709157,0.030574832272492514,0.0003599434223336845,0.029201992843426235,0.013095274645325861,0.01690768727524505,0.02088486529230559,-0.0052163749943639525,0.012391685031240461,0.0037367691751097787,0.021821056396979222,-0.0020904126971123377,0.00036271445090017455,0.02491044187821897,0.007280291801460394,0.009902941717883676
2026-01-26,1973.0,36.28977966308594,165.8773193359375,25.859689712524414,56.529598236083984,55.35486602783203,56.52000045776367,578.610595703125,3.918010711669922,658.8598022460938,1791.0,193.4873504638672,690.84326171875,57.071876525878906,9.630000114440918,133.9471893310547,-0.02700164042938469,0.00627647014732826,0.004667512651676022,0.023512707937920815,-0.0038753616823483253,-0.0033236813746805043,-0.026882416333974642,-0.015625354700424966,-0.004938275045790338,-0.01796260876024006,-0.021541843774754803,-0.009229314175956058,0.005065296757285074,-0.01949511496819443,-0.0020746381265259973,-0.0009637243497039966
2026-01-27,2012.0,37.13877868652344,167.4123077392578,26.208621978759766,56.86881637573242,55.72344970703125,57.7400016784668,591.8309936523438,3.97619891166687,676.5730590820312,1850.0,200.61367797851562,693.5957641601562,59.657012939453125,9.760000228881836,135.92401123046875,0.01957402519701441,0.02312552169114785,0.009211203300534838,0.013403065260397393,0.005982784726437388,0.006636489391358825,0.021355637388710713,0.022591405399424617,0.014742262145844664,0.026529668774328975,0.03241151601165871,0.03616892048666942,0.003976348566725876,0.044300244637331,0.013409186182182368,0.014650375830098844
2026-01-28,1995.5,37.21775817871094,168.28378295898438,27.19725799560547,57.3277587890625,57.86703109741211,57.7400016784668,594.1387939453125,4.063481330871582,686.929931640625,1845.0,198.79971313476562,693.5259399414062,62.142723083496094,10.029999732971191,136.66905212402344,-0.00823460673084128,0.0021243464319084656,0.005192060328406516,0.03702771944545677,0.00803780469854238,0.03774675284086314,0.0,0.0038918414786166884,0.021713761225526564,0.01519185776495305,-0.002706361597742914,-0.0090832073025329,-0.00010067497120472829,0.040822014982277256,0.027288151474823292,0.005466336814218539
2026-01-29,1973.5,37.553409576416016,169.53158569335938,27.439571380615234,58.04610061645508,57.53724670410156,56.220001220703125,619.2464599609375,4.092575550079346,693.1300659179688,1795.5,199.2183074951172,692.1497192382812,63.007747650146484,10.180000305175781,139.57965087890625,-0.011086029385886756,0.00897815728822838,0.00738751711796392,0.008870023260426413,0.012452580049722108,-0.005715304445988628,-0.026677616112827717,0.04139039978836656,0.007134413857081759,0.008985371655183746,-0.027195742808490055,0.00210339478609693,-0.0019863539443873905,0.013823972650072089,0.014844465749518733,0.02107308691616225
2026-01-30,1974.0,37.39545440673828,175.18626403808594,27.701271057128906,59.083709716796875,57.857330322265625,56.29999923706055,630.8950805664062,4.034387111663818,690.0499267578125,1781.5,200.26483154296875,690.0853271484375,63.256317138671875,10.229999542236328,140.4637451171875,0.0002533248905250335,-0.004215017950658987,0.03281051808592427,0.009492116183769913,0.01771771406230525,0.005547651325242035,0.001421934402967498,0.018636222163480074,-0.014320093545922279,-0.004453714292896812,-0.007827828620246792,0.005239402315755997,-0.0029870370168700792,0.00393730092656859,0.004899494116001298,0.006314001244615102
2026-02-02,1922.0,37.21775817871094,172.3440704345703,27.681884765625,58.76444625854492,58.565391540527344,55.959999084472656,632.665771484375,4.053783416748047,682.8330688476562,1729.0,200.42430114746094,693.5159912109375,63.355751037597656,10.510000228881836,137.48361206054688,-0.026695630463189114,-0.004763139337569524,-0.016356885657639278,-0.0007000790044444515,-0.005418230547039442,0.012163775887642597,-0.00605738815743047,0.0028027017047571345,0.004796224856641965,-0.010513531610522492,-0.02991249936260021,0.0007959767305947809,0.004959045712933714,0.0015706862829182623,0.02700267145003701,-0.021444688615393778
2026-02-03,1931.5,38.323429107666016,176.31521606445312,27.953277587890625,59.00389099121094,59.1861572265625,56.36000061035156,624.9663696289062,4.111971378326416,702.7293090820312,1760.5,202.82632446289062,687.6520385742188,64.59860229492188,10.40999984741211,142.7783203125,0.0049305925760981615,0.029275417437654036,0.0227805053136385,0.009756239165086476,0.004066374174935896,0.01054374984338136,0.007122564423104418,-0.012244435870716162,0.014251945583386341,0.028721345583926992,0.018054652911816706,0.01191344326711801,-0.008491346084250548,0.019427089639440495,-0.009560338697330193,0.03778849485064373
2026-02-04,1874.5,38.698570251464844,179.47430419921875,27.332956314086914,58.34540939331055,57.18806457519531,53.70000076293945,599.6000366210938,4.034387111663818,687.5479125976562,1679.5,196.08871459960938,684.3211059570312,64.13128662109375,10.210000038146973,146.61276245117188,-0.02995494593036926,0.009741219739470095,0.017758652111980768,-0.022441293726179937,-0.011222708733617071,-0.034342468574774174,-0.04834668213773857,-0.04143501239060286,-0.019048170440028163,-0.02184024840348708,-0.0471017295427598,-0.033782886002219514,-0.004855691490926631,-0.007260438591224903,-0.019399232056248474,0.026501622106979376
2026-02-05,1856.5,37.68174362182617,177.49368286132812,27.13910484313965,59.80204772949219,56.85828399658203,52.91999816894531,605.986328125,4.044085502624512,694.2763671875,1571.0,195.32125854492188,675.7744750976562,65.0261459350586,10.170000076293945,145.11277770996094,-0.009648962558831888,-0.026626931844548125,-0.011097026819101456,-0.00711749418633962,0.02465922133726814,-0.005783289020788276,-0.014631711075931888,0.010594597660665289,0.002401046852057039,0.009738586686383766,-0.06678377079672629,-0.003921499659432585,-0.012567856956365418,0.013857098509746289,-0.003925418350479121,-0.010283624528324356
2026-02-06,1879.0,38.5109977722168,179.10789489746094,28.466981887817383,60.141265869140625,59.22495651245117,53.20000076293945,620.3108520507812,4.131368160247803,706.8461303710938,1604.5,198.00234985351562,688.739013671875,68.03882598876953,10.489999771118164,148.0631103515625,0.012046725796330524,0.021768133820793175,0.009053370272806033,0.047769214480026335,0.005656322705820889,0.04078108944832664,0.005277106042240114,0.023363301703524603,0.021353181764747303,0.017942899978420218,0.021099822294290405,0.013633215895890569,0.019003005567205973,0.04528907848610574,0.030980183026824048,0.02012738674811202
2026-02-09,1943.5,38.71831512451172,180.8310546875,28.205284118652344,62.076805114746094,59.1861572265625,54.68000030517578,634.9437255859375,4.121669769287109,695.7915649414062,1649.0,195.54052734375,692.0599975585938,67.32293701171875,10.600000381469727,150.20880126953125,0.03375075087881249,0.005368890192384627,0.009574806819352293,-0.009235544922970879,0.03167618450426241,-0.0006553318527642793,0.02743960674830549,0.02331564717259577,-0.0023502607179972665,-0.0157628650046278,0.027356862009687403,-0.012511239638572704,0.004810244305276485,-0.010577516661592526,0.010431636516575476,0.014387730447437018
2026-02-10,1924.0,36.49709701538086,180.4943389892578,28.15682029724121,61.95707702636719,58.81757736206055,53.560001373291016,626.259521484375,4.189556121826172,682.8131103515625,1629.0,194.54383850097656,690.2349243164062,67.75048065185547,10.5600004196167,150.58628845214844,-0.010084119066626047,-0.05908002351502992,-0.0018637815199540506,-0.0017197311511909406,-0.0019305712842123519,-0.006246938953506487,-0.020695470973664396,-0.013771517590538625,0.016336425746931692,-0.01882894822140185,-0.01220271395755373,-0.0051101305202436165,-0.00264064386524897,0.006330558230972425,-0.0037807190911864,0.002509930472198664
2026-02-11,1925.5,38.056884765625,184.0198516845703,29.19392204284668,62.336204528808594,60.98055648803711,53.599998474121094,625.404052734375,4.364120960235596,676.662841796875,1592.0,195.85946655273438,690.075439453125,69.490478515625,11.279999732971191,154.52999877929688,0.0007793220293117613,0.04184928430361579,0.019344227038670142,0.03617092905712703,0.006100549820876819,0.03611432230380573,0.0007464931456587958,-0.001366931020162637,0.0408219945202552,-0.009048060767514413,-0.02297524219771686,0.006739866261433365,-0.000231085512616827,0.025358189183264015,0.06595790438260127,0.025851979259776576
2026-02-12,1925.0,36.71427917480469,180.6329803466797,28.777143478393555,62.61555862426758,60.2046012878418,53.2599983215332,634.0882568359375,4.325328826904297,692.8410034179688,1579.5,200.47413635253906,679.41455078125,67.3825912475586,10.979999542236328,149.92999267578125,-0.00025970653307901004,-0.03591625018216694,-0.018576401638541244,-0.014379095561539813,0.004471398463632941,-0.012806284518474887,-0.006363490737665122,0.013790225884352234,-0.00892861849508081,0.023627409734169567,-0.007882746162188412,0.023287848004244674,-0.015569451553392327,-0.03080304895018039,-0.026955828006442598,-0.030219774690257842
2026-02-13,1968.0,37.17826843261719,181.9600067138672,29.969324111938477,63.21417999267578,62.02810287475586,54.08000183105469,649.1588745117188,4.4029130935668945,700.3270263671875,1609.0,199.397705078125,679.8931884765625,70.10693359375,11.420000076293945,148.4499969482422,0.02209183089031412,0.012558650937737127,0.007319679858454992,0.04059288609100126,0.009514855410238367,0.0298387717750242,0.015278916721767058,0.02348933457044192,0.017778221738687962,0.010746865904129842,0.018504526750243302,-0.005383894353300045,0.0007042374603937072,0.039635004728438776,0.03929081651789164,-0.00992028900359924
2026-02-16,2029.0,,,,64.4912338256836,,56.040000915527344,,,,1620.0,,,,,,0.030525262213616018,,,,0.02000066192682053,,0.03560127221287155,,,,0.006813281234046599,,,,,
2026-02-17,2029.0,37.079551696777344,180.5500030517578,30.550878524780273,63.47357940673828,62.48397445678711,55.5,646.174560546875,4.480497360229492,698.8816528320312,1611.5,202.82632446289062,680.9901733398438,69.6197280883789,11.569999694824219,146.19000244140625,0.0,,,,-0.015905557904140565,,-0.009682717053450515,,,,-0.005260726970937175,,,,,
2026-02-18,2110.0,38.037139892578125,183.8699951171875,32.25676345825195,65.5088882446289,63.40542984008789,58.099998474121094,646.4033813476562,4.5871758460998535,722.5159912109375,1694.0,204.13198852539062,684.4208374023438,70.33561706542969,11.850000381469727,150.67999267578125,0.03914488664429739,0.025497397547629485,0.018221194983933146,0.05433429873666338,0.03156208484458864,0.014639386768731394,0.04578261684250033,0.00035405339323083413,0.023530492460191753,0.0332581342593732,0.049927173956507254,0.0064167188668099034,0.005025111493454597,0.010230337683591535,0.023912384943564863,0.030251171992317527
2026-02-19,2163.0,38.5109977722168,184.77999877929688,32.78015899658203,67.94326782226562,65.01553344726562,59.20000076293945,663.0158081054688,4.68415641784668,734.5175170898438,1743.5,204.73001098632812,682.61572265625,72.0259017944336,12.180000305175781,150.97000122070312,0.02480819948294668,0.01238080891315259,0.004936962026384614,0.016095682828846995,0.03648722839921526,0.02507671551582124,0.018755917182561456,0.025375094959484645,0.02092128861934641,0.016474291423075996,0.028801990903706182,0.0029253043232762457,-0.0026409180968155325,0.02374748706207094,0.027467387564555697,0.001922815449308322
2026-02-20,2165.0,38.18000030517578,183.92999267578125,33.652488708496094,69.20037078857422,65.44231414794922,58.91999816894531,654.80908203125,4.781136512756348,721.25,1740.0,204.9199981689453,687.5523071289062,71.2503662109375,12.020000457763672,147.27999877929688,0.0009242144835313797,-0.008632030632245545,-0.004610711014328141,0.026263588285400857,0.018333160600150514,0.006542837108600233,-0.004740994259985068,-0.012455117865496853,0.020492443164142064,-0.018228026506346383,-0.002009473907131094,0.0009275586085326306,0.0072058400517004155,-0.010825842529294536,-0.0132233201466726,-0.024745621028871012
2026-02-23,2137.0,38.40999984741211,184.91000366210938,34.011112213134766,68.64166259765625,65.04463195800781,57.97999954223633,657.1566772460938,4.771439075469971,725.3900146484375,1701.5,201.9199981689453,680.531494140625,71.38956451416016,12.050000190734863,150.75999450683594,-0.013017385117442642,0.0060060120945237775,0.005314029401695513,0.010600289013358247,-0.008106543945473563,-0.006095374795492596,-0.016082444919155732,0.003578748460163337,-0.0020303300461904585,0.005723643627693695,-0.022374898267614293,-0.014748079850910593,-0.010263807839928392,0.0019517444617711567,0.0024927085747222383,0.023353603325944966
2026-02-24,2141.0,38.29999923706055,185.33999633789062,35.39714813232422,69.69921875,67.68289184570312,59.15999984741211,660.9467163085938,4.849023342132568,727.72998046875,1724.5,198.4600067138672,685.4779052734375,72.9505844116211,12.359999656677246,149.25999450683594,0.0018700332705351445,-0.002867962118694994,0.0023227163759577205,0.039943954643700576,0.015289432071680707,0.03975976283151636,0.020147519665048262,0.005750762081551857,0.016129359544284076,0.003220611994538744,0.01342693843593527,-0.017283967968709235,0.007242165031108853,0.021630582662469235,0.02540074848733924,-0.009999417061864612
2026-02-25,2106.0,38.09000015258789,184.22000122070312,35.3389892578125,68.98087310791016,67.43070220947266,56.91999816894531,644.10546875,4.887815475463867,703.6500244140625,1682.0,195.97999572753906,691.26220703125,73.37812805175781,12.59000015258789,149.05999755859375,-0.016482595895762023,-0.005498091770014324,-0.00606125421325011,-0.0016443896928147567,-0.01035984411663383,-0.0037330060066294783,-0.03859889421062288,-0.025810741827945356,0.007968158722872206,-0.033648965305649925,-0.024953591844002282,-0.012575010908742927,0.008402945104341215,0.005843622206228117,0.018437435923402228,-0.0013408218257210086
2026-02-26,2118.0,37.9900016784668,184.16000366210938,36.1337776184082,70.97627258300781,70.33084869384766,56.380001068115234,638.2662353515625,5.236945152282715,710.9000244140625,1674.0,197.6300048828125,687.422607421875,76.56977844238281,12.890000343322754,148.5399932861328,0.005681833467430864,-0.002628773115156752,-0.0003257373273738514,0.022241230006344224,0.0285163673807836,0.04211008096103039,-0.00953223642183752,-0.009106990956239366,0.06899287148695142,0.010250699139015869,-0.004767589483472786,0.00838402895200382,-0.005569959857260949,0.04257655332186683,0.023548983409885187,-0.0034946560327688424
2026-02-27,2112.0,38.86000061035156,186.75999450683594,36.783180236816406,70.87650299072266,73.26008605957031,56.79999923706055,654.6300048828125,5.556980609893799,724.3800048828125,1663.5,202.6199951171875,684.1216430664062,78.62794494628906,12.949999809265137,152.5,-0.0028368813351997263,0.02264244827437714,0.01401937583072875,0.01781258593527069,-0.0014066641746393529,0.040805414508089395,0.00742180766417514,0.025314704900053806,0.0593165628549733,0.018784316035121602,-0.0062921555908892444,0.024935659167976073,-0.004813509630285336,0.026524708325324307,0.004643929831076067,0.026310359005369016
2026-03-02,2241.0,39.470001220703125,189.60000610351562,38.401832580566406,73.53038024902344,74.20093536376953,58.220001220703125,676.7000122070312,5.780035495758057,768.02001953125,1627.5,212.16000366210938,684.5106201171875,77.83251190185547,12.880000114440918,154.22000122070312,0.059286828974774865,0.015575460946405014,0.015092281322681388,0.04306449999768435,0.03675968949873098,0.012760824010313738,0.02469264698947921,0.03315786328720259,0.039354918820239886,0.05849967659288376,-0.021878721375807157,0.04600844473141381,0.0005684172026597193,-0.01016793525417542,-0.0054200438556138075,0.011215566272684338
2026-03-03,2220.0,38.86000061035156,188.77000427246094,35.99808120727539,75.62554931640625,73.33768463134766,57.939998626708984,667.8200073242188,5.605471134185791,759.1099853515625,1580.0,206.52000427246094,678.4771118164062,78.95606231689453,12.600000381469727,151.8300018310547,-0.009414998934601874,-0.015575460946405007,-0.00438725659866048,-0.0646395446694841,0.028095522472534103,-0.011702164268640023,-0.004820990645298794,-0.0132093741622421,-0.030666714753873395,-0.011669124771889718,-0.029620248061711842,-0.026943443559243194,-0.008853414553509194,0.014332289879800786,-0.02197888532856498,-0.015618676366153939
2026-03-04,2269.0,38.84000015258789,186.02999877929688,35.16452407836914,76.38379669189453,73.17279052734375,60.400001525878906,664.47998046875,5.605471134185791,753.8400268554688,1638.5,208.82000732421875,683.2639770507812,79.73159790039062,12.84000015258789,149.82000732421875,0.021832009913516703,-0.000514812303964337,-0.014621420945763939,-0.023427901527259924,0.009976408481963569,-0.0022509540488351663,0.04158116156441115,-0.0050139366258385885,0.0,-0.006966495610630945,0.03635634211785677,0.011075391236952201,0.007030536114047319,0.009774443166699898,0.018868465912800166,-0.01332686354747194
2026-03-05,2150.0,39.29999923706055,189.89999389648438,33.846336364746094,71.26000213623047,70.36964416503906,56.70000076293945,655.0,5.411509990692139,740.010009765625,1547.0,203.86000061035156,679.4544067382812,78.27000427246094,12.289999961853027,150.75999450683594,-0.05387136365813329,0.011773852110246022,0.020589641209522513,-0.03820697367945852,-0.06943539833894098,-0.03906165842014393,-0.06321490601423611,-0.014369514853906053,-0.03521494409834887,-0.018516466706358068,-0.05746361756580321,-0.024039185202039265,-0.005591148225550186,-0.018501525305234297,-0.04377938967156706,0.006254509555927028
2026-03-06,2214.0,40.439998626708984,189.94000244140625,33.49740982055664,70.26000213623047,70.23385620117188,58.619998931884766,671.77001953125,5.4503021240234375,756.1300048828125,1592.5,209.75999450683594,670.5487060546875,76.8499984741211,12.210000038146973,151.2100067138672,0.02933299214687379,0.02859486073154303,0.0002106599908148691,-0.010362644978586005,-0.014132512913336975,-0.0019315024978593942,0.033301692872313916,0.025280813472472713,0.0071428777914684435,0.021549612709066832,0.028987536873252187,0.028530507093295448,-0.013193791611277716,-0.01830899227361691,-0.006530629227186566,0.00298051156307204
2026-03-09,2259.0,40.650001525878906,189.44000244140625,34.3988151550293,71.9800033569336,73.4831771850586,62.47999954223633,664.1500244140625,5.460000038146973,747.3400268554688,1625.0,208.22999572753906,676.4227294921875,76.27999877929688,12.550000190734863,150.44000244140625,0.020121403199421028,0.005179513337274707,-0.0026358810852404406,0.02655400356600501,0.024185672045588778,0.045226021346285505,0.0637705811431248,-0.011407984769350742,0.0017777540041513322,-0.01169305406055311,0.02020270731751947,-0.007320776325923936,0.008721878607696682,-0.007444685400023207,0.027465389528936294,-0.00510529369495002
2026-03-10,2249.0,39.939998626708984,186.2899932861328,34.15650177001953,71.37999725341797,71.16500091552734,62.459999084472656,651.219970703125,5.369999885559082,734.97998046875,1653.0,207.0,675.3356323242188,75.29000091552734,12.3100004196167,148.1300048828125,-0.004436564508687545,-0.01762057992699795,-0.016767801321383936,-0.007069164142859835,-0.008370669704216153,-0.03205536079796592,-0.0003201610077533591,-0.019660582578628943,-0.016620909533823454,-0.01667701008114056,0.01708400305718625,-0.005924424236243311,-0.001608419719141641,-0.013063428707249747,-0.019308706491962865,-0.015474050273591158
2026-03-11,2228.0,41.560001373291016,191.7899932861328,32.470001220703125,70.4800033569336,68.30365753173828,60.439998626708984,649.469970703125,5.239999771118164,733.1799926757812,1520.5,207.25999450683594,674.4879760742188,73.26000213623047,11.800000190734863,151.5800018310547,-0.009381350912141068,0.039759905670784676,0.029096425178650364,-0.05063633276600741,-0.012688650326185614,-0.041037821267366305,-0.032875222514134196,-0.002690881201193722,-0.024506432556405035,-0.0024520334674122944,-0.08355259070360484,0.0012552239869671052,-0.0012559513052689201,-0.027332549511800492,-0.04231242664823653,0.023023250906691155
2026-03-12,2298.0,42.15999984741211,196.97000122070312,30.770000457763672,64.77999877929688,64.7342529296875,63.880001068115234,652.8300170898438,4.96999979019165,736.2999877929688,1550.5,203.0399932861328,664.2459106445312,67.41999816894531,11.130000114440918,153.52999877929688,0.03093485736152641,0.01433370133924738,0.026650450634611418,-0.05377641949865519,-0.08433213435815834,-0.053672843114961975,0.05535522538448366,0.005160184095851359,-0.05290165675963335,0.004246399878793357,0.019538231423084307,-0.020571046352980998,-0.015301420789775961,-0.0830731038632531,-0.058455372065934166,0.012782429256224434
2026-03-13,2307.0,42.66999816894531,196.82000732421875,30.18000030517578,64.23999786376953,63.929203033447266,64.08000183105469,646.0,5.019999980926514,733.7100219726562,1592.5,204.52000427246094,660.4862060546875,66.38999938964844,10.989999771118164,156.1199951171875,0.003908799765052639,0.012024153674066413,-0.0007617963913939147,-0.0193607407593401,-0.008370858514749138,-0.01251420454151673,0.0031259912671515043,-0.010517280871800677,0.01001013201056167,-0.0035237426725287647,0.02672764890581482,0.007262820202629444,-0.005676188622551868,-0.015395249109348084,-0.012658427980499175,0.01672893131649389
2026-03-16,2322.0,42.900001525878906,196.83999633789062,31.829999923706055,65.0,66.56745147705078,63.79999923706055,645.2000122070312,5.300000190734863,735.9600219726562,1624.5,206.05999755859375,667.2078857421875,68.41999816894531,11.369999885559082,157.22999572753906,0.0064809040840831415,0.005375807214327538,0.00010155470966362619,0.0532297754455243,0.011761233511030327,0.04043947306108503,-0.004379152942169184,-0.0012391386117849455,0.054276926641646926,0.0030619141584077598,0.019894967662836667,0.007501585566901404,0.010125430484197413,0.03011871924983633,0.03399255010812331,0.007084763272473108
2026-03-17,2331.0,43.849998474121094,197.97000122070312,31.299999237060547,63.7400016784668,65.69450378417969,63.31999969482422,636.3300170898438,5.25,724.030029296875,1635.0,203.3300018310547,668.9630126953125,66.30000305175781,11.279999732971191,158.80999755859375,0.003868476777920332,0.021902822518253318,0.0057243128362621815,-0.01679116572603716,-0.019574934573425472,-0.013200475786470189,-0.007551948199213674,-0.013843041614694206,-0.00947877994225316,-0.01634293082670966,0.006442728222198712,-0.01333709274130126,0.002627101016221855,-0.03147520956613264,-0.007947075300134469,0.009998829440563258
2026-03-18,2330.0,44.61000061035156,198.61000061035156,32.15999984741211,66.77999877929688,67.25611114501953,64.26000213623047,642.280029296875,5.420000076293945,724.8400268554688,1605.5,204.55999755859375,659.6285400390625,68.55999755859375,11.430000305175781,157.58999633789062,-0.0004290924760108574,0.017183378801621414,0.0032275956542746178,0.02710536639507254,0.04659128091382489,0.023492620660021914,0.01473615673802923,0.00930706773922802,0.03186775292439612,0.0011181094392011257,-0.018207569801785155,0.0060310351204311,-0.014051912692600945,0.03351929545840232,0.013210282109116483,-0.0077118033536579
2026-03-19,2308.0,45.86000061035156,201.44000244140625,32.880001068115234,67.19999694824219,69.38999938964844,63.20000076293945,637.510009765625,5.489999771118164,714.1500244140625,1550.0,200.72999572753906,658.0029907226562,69.16000366210938,11.670000076293945,158.16000366210938,-0.009486918931756082,0.027635227916657974,0.014148476531989631,0.022141163107117893,0.006269585880003678,0.031234869717264527,-0.0166330737066225,-0.007454412792900925,0.012832384302829545,-0.014857919399339,-0.03518030361627634,-0.018900618869796756,-0.0024673819700690397,0.008713475086604206,0.02077994832981536,0.003610501621050562
2026-03-20,2250.0,44.779998779296875,201.72999572753906,32.16999816894531,67.5999984741211,67.75,60.599998474121094,627.4299926757812,5.25,706.9500122070312,1503.0,198.16000366210938,648.5700073242188,67.9800033569336,11.5,159.6699981689453,-0.025451132429524376,-0.023831706828175044,0.00143856605134782,-0.021830318340383518,0.0059347583607047855,-0.023918296355688654,-0.04200944532888996,-0.01593787917732162,-0.04470013722722553,-0.010133099189792738,-0.030791820160317767,-0.012885896516547198,-0.01443952585884218,-0.01720912011718862,-0.014674417466873368,0.00950197186704481
2026-03-23,2140.0,43.56999969482422,205.2100067138672,33.83000183105469,69.80000305175781,70.0,59.20000076293945,616.25,5.46999979019165,680.0,1483.0,194.82000732421875,655.3800048828125,70.68000030517578,11.90999984741211,161.1300048828125,-0.05012438718256863,-0.02739275078551438,0.017103729302575407,0.05031375258493957,0.032026093013039464,0.0326707822895487,-0.023373313118297843,-0.017979373968228216,0.041050501474168465,-0.03886716113487473,-0.013396047615042414,-0.016998710724064153,0.010445276906504148,0.03894905812004302,0.03503133518625863,0.009102349005170533
2026-03-24,2127.0,44.790000915527344,206.7899932861328,35.439998626708984,72.9000015258789,73.1500015258789,57.97999954223633,610.1699829101562,5.789999961853027,682.1599731445312,1471.5,194.0,653.1799926757812,75.12000274658203,12.399999618530273,165.3800048828125,-0.006093292815659938,0.027616087534562645,0.0076698753288619035,0.04649305006934188,0.043454606455951415,0.044016906276362636,-0.020823439179140854,-0.009915146499718256,0.056853706918779376,0.0031713968953568476,-0.007784774464404663,-0.004217933874279798,-0.0033624966130463346,0.06092421969339414,0.04031807129184,0.026034362929790365
2026-03-25,2152.0,45.40999984741211,205.14999389648438,33.75,72.5,70.2699966430664,59.02000045776367,624.2000122070312,5.539999961853027,691.2100219726562,1486.5,195.0,656.8200073242188,72.38999938964844,12.010000228881836,163.25999450683594,0.011685106081437826,0.01374742108998382,-0.00796236396187388,-0.04886066966859418,-0.005502098085106645,-0.040167230893547505,0.017778261672560712,0.02273327053577922,-0.04413779112302295,0.013179521700958234,0.010142074764624896,0.005141399500418652,0.005557288574735996,-0.03701871158898516,-0.03195678669780615,-0.012901897442340701
2026-03-26,2093.0,46.16999816894531,207.7899932861328,33.56999969482422,74.0999984741211,70.01000213623047,58.58000183105469,627.3300170898438,5.590000152587891,691.989990234375,1436.0,192.85000610351562,645.0900268554688,73.91000366210938,11.850000381469727,165.42999267578125,-0.02779919883567535,0.016597855110292603,0.012786532864242079,-0.005347615417324569,0.021828949849253824,-0.0037067979298493234,-0.007483004613948422,0.005001895816047801,0.00898482059013154,0.001127773767356647,-0.03456289282998289,-0.011086842260479506,-0.018020135919566853,0.020780026471404735,-0.013411755376819217,0.013204111968613486
2026-03-27,2067.0,46.68000030517578,211.14999389648438,33.650001525878906,73.44000244140625,71.16000366210938,56.619998931884766,615.8400268554688,5.659999847412109,679.0,1379.5,189.7100067138672,634.0900268554688,75.70999908447266,12.0,170.99000549316406,-0.012500162764231494,0.010985617096042588,0.016040830472928088,0.002380299535105758,-0.008946732154099343,0.016292794758340563,-0.0340311118377966,-0.01848551206570683,0.012444550792510911,-0.01895036297512771,-0.040140355950828675,-0.01641609054865426,-0.01719894102480063,0.02406205367764015,0.012578750015322444,0.03305700704104683
2026-03-30,2132.0,47.349998474121094,210.7100067138672,33.38999938964844,73.37999725341797,70.93000030517578,55.65999984741211,598.5700073242188,5.710000038146973,671.5900268554688,1409.5,187.14999389648438,631.969970703125,73.66000366210938,11.920000076293945,171.47000122070312,0.03096222560396689,0.01425097345058703,-0.002085940082102953,-0.007756665760228733,-0.000817398058220884,-0.003237434744177597,-0.01710050746280887,-0.02844374368393065,0.0087951650925496,-0.010973052293639311,0.021513916896826572,-0.01358622401713649,-0.003349064243429706,-0.027450279289350978,-0.006688981750297861,0.002803223923661427
2026-03-31,2200.0,47.0,206.89999389648438,34.86000061035156,74.58000183105469,72.87999725341797,58.040000915527344,604.3900146484375,5.860000133514404,682.239990234375,1444.5,192.89999389648438,650.3400268554688,74.66000366210938,12.210000038146973,169.66000366210938,0.03139685406067207,-0.007419185696496898,-0.018247257140121223,0.043083621924434115,0.016221017804662858,0.027120735748852903,0.041870690433745986,0.00967621970485204,0.025930596024299334,0.0157334125182524,0.024528209352122705,0.03026148653337888,0.028653466042465783,0.01348456180361454,0.0240376232091511,-0.010611875345229468
2026-04-01,2295.0,46.16999816894531,197.41000366210938,34.83000183105469,75.68000030517578,72.2300033569336,62.63999938964844,617.6400146484375,5.730000019073486,697.0,1581.5,194.72000122070312,655.239990234375,74.0999984741211,12.140000343322754,160.77999877929688,0.042275483148238334,-0.0178174048501328,-0.04695275242330724,-0.0008609206514229416,0.014641529473846813,-0.008958696726972326,0.07627159814868614,0.02168607800522872,-0.02243409231759464,0.021403922977214707,0.09061052283941362,0.0093907472373794,0.00750622148232205,-0.00752901082704078,-0.005749477335208907,-0.05375949265714517
2026-04-02,2289.0,47.119998931884766,198.97000122070312,36.599998474121094,,75.37999725341797,62.2599983215332,622.7899780273438,6.150000095367432,702.5,1570.5,196.2100067138672,655.8300170898438,76.43000030517578,12.729999542236328,160.69000244140625,-0.002617802542078823,0.020367319815424785,0.00787126289791215,0.04956906176753671,,0.04268643286413826,-0.006084903884278258,0.00830356086153304,0.0707365632699715,0.007859990447376876,-0.00697972376700232,0.007622912941537512,0.0009000692442135715,0.030959781537789107,0.047455562698229974,-0.0005599050605033121
