date,BAEL_close,BP_close,CVX_close,FRO_close,HAFNI_close,INSW_close,LDO_close,LMT_close,NAT_close,NOC_close,RHM_close,RTX_close,SPY_close,STNG_close,TK_close,XOM_close,BAEL_log_ret,BP_log_ret,CVX_log_ret,FRO_log_ret,HAFNI_log_ret,INSW_log_ret,LDO_log_ret,LMT_log_ret,NAT_log_ret,NOC_log_ret,RHM_log_ret,RTX_log_ret,SPY_log_ret,STNG_log_ret,TK_log_ret,XOM_log_ret
2025-11-03,1863.2989501953125,33.56919860839844,149.4935760498047,22.513917922973633,63.44196701049805,45.43950271606445,51.456939697265625,478.59149169921875,3.3748106956481934,568.75439453125,1755.9481201171875,175.03018188476562,677.7251586914062,60.89817428588867,8.917362213134766,111.27165985107422,,,,,,,,,,,,,,,,
2025-11-04,1849.8004150390625,33.809871673583984,148.8627471923828,21.62228012084961,61.93521499633789,44.34001541137695,50.40962219238281,475.68817138671875,3.2725436687469482,570.4644165039062,1711.8885498046875,173.6164093017578,669.6917114257812,60.02848434448242,8.74160385131836,111.64334106445312,-0.007270796331857216,0.0071438827440379275,-0.004228700706603834,-0.0404094221772663,-0.024036663363757812,-0.0244942788435486,-0.020563262170595824,-0.006084860409129763,-0.030771669705270115,0.0030020979997918192,-0.02541177423674131,-0.008110105578769407,-0.011924360802475447,-0.014384006737366443,-0.019906506995111373,0.0033347379610317042
2025-11-05,1848.300537109375,34.34897994995117,148.15431213378906,21.668718338012695,61.836090087890625,45.18716049194336,49.89583969116211,464.0750427246094,3.319028615951538,563.9012451171875,1690.106201171875,172.02468872070312,672.0125122070312,60.58192443847656,8.97286319732666,111.19342041015625,-0.00081116120481094,0.015819501251261827,-0.004770341499163633,0.002145399118901061,-0.0016017433050828898,0.018925434811886615,-0.010244447011461578,-0.024716268270216907,0.01410459169232954,-0.011571656026669323,-0.012805808296664672,-0.009210315800249096,0.0034594854141328157,0.009177383345296396,0.026111142316633574,-0.004038124254753446
2025-11-06,1810.8045654296875,34.483760833740234,148.42604064941406,22.030946731567383,62.66876983642578,47.19688034057617,49.036251068115234,459.9359130859375,3.33762264251709,565.3443603515625,1691.0963134765625,173.11221313476562,664.8021850585938,62.45966720581055,9.019115447998047,111.99547576904297,-0.02049533050390227,0.003916190304514532,0.0018324112781418491,0.016578465273997357,0.013376058801020928,0.04351480935508594,-0.017377784062117468,-0.00895910876040326,0.005586615312693337,0.002555893975576828,0.0005856569245398438,0.006302009477952207,-0.0107874293787707,0.03052445173454975,0.00514144146908283,0.0071872644674244555
2025-11-07,1806.8050537109375,35.21541213989258,150.44467163085938,21.9752197265625,62.41102981567383,48.04403305053711,49.91560363769531,449.56842041015625,3.3097314834594727,562.0330810546875,1731.6905517578125,174.9609832763672,665.4567260742188,63.220645904541016,9.000614166259766,114.6559829711914,-0.002211135954027264,0.020995318909487814,0.013508594823211366,-0.002532692087434771,-0.004121215196469581,0.01779014968641342,0.017773809730765415,-0.022799103587565626,-0.008391706596394067,-0.005874321584400649,0.023721104095634306,0.010622981294877884,0.0009840807123627038,0.012109899786972415,-0.002053447930179667,0.02347771704172599
2025-11-10,1821.803466796875,35.73526382446289,151.05606079101562,22.383888244628906,62.827369689941406,48.33242416381836,50.1922492980957,443.4381408691406,3.393404722213745,556.4682006835938,1769.314453125,176.99758911132812,675.8407592773438,63.764198303222656,9.120869636535645,115.63410949707031,0.008266804433217265,0.01465415178636195,0.004055645193753034,0.01842598281072144,0.006648781997329287,0.005984697557520421,0.005526966297244913,-0.01372974422809936,0.024966696937020937,-0.009950683793767996,0.02149402803056247,0.011573115281719242,0.015483874055295284,0.008560954211695929,0.01327233872008794,0.008494784967089233
2025-11-11,1798.805908203125,35.95668411254883,151.62864685058594,22.383888244628906,63.85829544067383,47.908843994140625,49.352420806884766,448.3129577636719,3.3748106956481934,560.1846923828125,1714.36376953125,177.1854248046875,677.3878784179688,61.866695404052734,9.065367698669434,117.15998840332031,-0.012703865844395923,0.006177011463350662,0.0037833873209663846,0.0,0.016275693182797774,-0.00880252126456968,-0.016873799811073096,0.010933242384559358,-0.00549452764037954,0.006656509726807739,-0.03155012501872471,0.0010606703517061565,0.002286560853950906,-0.030209881533335044,-0.006103748582727203,0.013109445409212907
2025-11-12,1791.806640625,35.48496627807617,148.79483032226562,23.10834503173828,64.13585662841797,48.251312255859375,49.57966995239258,448.28350830078125,3.411998748779297,552.1092529296875,1727.7301025390625,175.6728057861328,677.7647705078125,62.281776428222656,9.204122543334961,115.53629302978516,-0.00389865313975588,-0.013205873249369494,-0.018866039413738215,0.031852383810013395,0.00433709850558065,0.007122902520573368,0.004594051201057749,-6.569167739527573e-05,0.010959030344486096,-0.014520588513802814,0.007766435599878477,-0.00857357518107226,0.0005562356386344725,0.006686873623386469,0.015190080382624857,-0.013955717008464152
2025-11-13,1806.3050537109375,35.12876892089844,150.9881134033203,23.266239166259766,64.69097900390625,48.29637145996094,50.74555206298828,447.1163024902344,3.439889907836914,551.5458374023438,1733.17578125,171.98513793945312,666.5179443359375,61.03653335571289,9.278125762939453,116.19163513183594,0.008058944683243667,-0.010088699524853589,0.01463273519553161,0.006809537912990554,0.008618170408929872,0.0009334083561380003,0.023243100286849096,-0.0026071179770447307,0.008141204419848884,-0.0010209993705879838,0.003146969832771863,-0.021215141060380523,-0.016733219095931014,-0.020196277441921432,0.008008074976457573,0.005656149039886242
2025-11-14,1806.8050537109375,35.65485382080078,152.96791076660156,23.665620803833008,63.977256774902344,48.64784622192383,49.856319427490234,456.84625244140625,3.4584836959838867,551.5458374023438,1709.9083251953125,173.57687377929688,666.408935546875,61.12548065185547,9.296627044677734,117.70126342773438,0.0002767698676907966,0.014864867511825416,0.013027051310556877,0.017020049020975817,-0.011094106405237116,0.007251103992947104,-0.01767871277215271,0.02152816105813618,0.005390787522880384,0.0,-0.01351567927478516,0.009212512043859871,-0.00016356304453120328,0.0014562188186475562,0.001992089805803717,0.012908893504534598
2025-11-17,1804.8052978515625,35.625572204589844,150.25054931640625,23.498437881469727,65.82103729248047,48.305381774902344,50.468902587890625,461.76025390625,3.5514535903930664,556.5176391601562,1705.9478759765625,173.6361846923828,660.2002563476562,60.84876251220703,9.407631874084473,116.11270141601562,-0.0011074041045847855,-0.0008215893055302737,-0.017923936419005825,-0.007089450197670746,0.028411845613127772,-0.007064558414511669,0.012212099036043766,0.010698919080138872,0.02652672690287363,0.008973917520718282,-0.0023188628327174073,0.0003416398791213599,-0.00936029173962937,-0.004537328655808087,0.011869610354868462,-0.013588465139150326
2025-11-18,1804.8052978515625,35.81101608276367,150.75103759765625,23.93497085571289,64.33412170410156,49.2786979675293,49.55990982055664,465.6247863769531,3.6258296966552734,560.2045288085938,1699.0172119140625,172.73651123046875,654.65625,61.55044174194336,9.703642845153809,117.44471740722656,0.0,0.0051918575390792,0.0033254890621514967,0.018406659388922247,-0.02284934829470298,0.01994891940040713,-0.018175119107845472,0.008334304894339542,0.020726162189968183,0.006603080246966988,-0.004070921994840425,-0.0051948406773778474,-0.008432918992475554,0.011465547032258034,0.030980104693904158,0.011406449342957444
2025-11-19,1724.31396484375,35.088748931884766,148.8668975830078,23.405559539794922,64.92888641357422,48.44957733154297,47.14910125732422,460.90692138671875,3.5049686431884766,558.46484375,1580.204833984375,171.79730224609375,657.185302734375,60.3842658996582,9.463132858276367,115.78709411621094,-0.04562344790113087,-0.02037502204642193,-0.01257711658788918,-0.022367023885634756,0.009202461175030908,-0.016968283271212883,-0.0498672896106242,-0.010184013620698509,-0.03390156981515522,-0.0031102781638976365,-0.07249549285462545,-0.005452070444994542,0.0038557337390654808,-0.0191284569104569,-0.02509786886403415,-0.014214623563476834
2025-11-20,1754.8106689453125,34.8642578125,147.50283813476562,23.210514068603516,65.36505126953125,47.77366256713867,48.51258850097656,459.2885437011719,3.467780590057373,560.78759765625,1620.799072265625,170.76910400390625,647.1683349609375,59.45527648925781,9.222623825073242,115.46148681640625,0.017531700316183042,-0.006418362855252154,-0.00920518471252217,-0.008368212691288172,0.006695115566444292,-0.014049119165474383,0.02850837343828271,-0.0035174686587231964,-0.01066678421725833,0.004150551126521469,0.02536480172087004,-0.006002931466927756,-0.015359584109870688,-0.015504198381033337,-0.025743920381122696,-0.002816082275379303
2025-11-21,1712.815185546875,35.11802673339844,147.17901611328125,24.055713653564453,64.21516418457031,49.10747146606445,45.489200592041016,451.95184326171875,3.5793445110321045,560.1452026367188,1504.4619140625,168.416748046875,653.6148681640625,61.1156005859375,9.463132858276367,115.52069091796875,-0.024222645981911903,0.007252407801297645,-0.0021977746315924376,0.03576717366460295,-0.017748346314636124,0.027536696249578302,-0.0643483728260333,-0.0161030153666327,0.0316648962504431,-0.001146179484962956,-0.07448398003265733,-0.013870824261970461,0.009911853052476355,0.027542788051345194,0.025743920381122824,0.0005126291858507713
2025-11-24,1651.82177734375,35.049705505371094,146.95330810546875,23.182647705078125,62.173126220703125,49.09845733642578,44.43199920654297,442.4180908203125,3.54215669631958,559.0183715820312,1428.718994140625,171.92047119140625,663.2351684570312,59.48492431640625,9.426132202148438,114.42547607421875,-0.03625953785833879,-0.001947369465661972,-0.001534738167354609,-0.036968487212173634,-0.03231653300319206,-0.0001835760788356239,-0.023515035452892217,-0.02132029087688344,-0.010443908286062894,-0.0020137028427662748,-0.051657067584067885,0.020590442267116794,0.014611339452438529,-0.027044254711706347,-0.003917643522199727,-0.009525908954966125
2025-11-25,1620.8250732421875,34.83497619628906,145.75608825683594,22.281719207763672,60.031959533691406,48.52167510986328,44.84697341918945,443.7421875,3.4956717491149902,562.833740234375,1453.4715576171875,170.86834716796875,669.4734497070312,58.170509338378906,9.222623825073242,112.98491668701172,-0.018943462251892553,-0.006145266161667046,-0.008180308112720667,-0.03963747927035796,-0.03504577274867299,-0.011817007905972465,0.009296191228792751,0.0029883931778126485,-0.013210217773795397,0.006801936409276704,0.017176638119988475,-0.006138632714958277,0.009361876598705392,-0.02234439369746348,-0.021826276858923056,-0.012669417952667026
2025-11-26,1643.8226318359375,35.06922912597656,146.71778869628906,21.845190048217773,60.5672492980957,47.845760345458984,45.02482223510742,445.45867919921875,3.4956717491149902,560.5504150390625,1480.699462890625,171.90061950683594,674.09521484375,57.23163604736328,9.056117057800293,113.241455078125,0.014089078572710065,0.006702137746001447,0.006576340529677877,-0.019785813590494916,0.008877227054547947,-0.014028096638082807,0.003957838981236561,0.0038607560914291753,0.0,-0.004065089095146221,0.018559713569792368,0.0060231558862852376,0.006879861801814111,-0.016271690670562382,-0.018219129438185298,0.0022679805106313616
2025-11-27,1653.821533203125,,,,60.11125946044922,,45.63740158081055,,,,1499.016357421875,,,,,,0.006064288024846794,,,,-0.0075571369331471515,,0.013513647520654464,,,,0.012294545091357741,,,,,
2025-11-28,1650.3218994140625,35.23515319824219,148.3075408935547,21.845190048217773,60.388816833496094,47.73761749267578,46.34878921508789,449.0877685546875,3.384107828140259,565.6309814453125,1465.847900390625,173.60781860351562,677.7747192382812,56.65842819213867,8.9821138381958,114.37613677978516,-0.002118331222054248,,,,0.00460676660879034,,0.015467578581492399,,,,-0.02237528464061196,,,,,
2025-12-01,1609.326416015625,35.63533020019531,149.69119262695312,21.222898483276367,58.62434005737305,46.403812408447266,45.133506774902344,434.0460510253906,3.393404722213745,541.3856811523438,1433.6695556640625,166.7691192626953,674.6803588867188,54.90916442871094,8.649101257324219,115.0766830444336,-0.025154643131281317,0.011293312418156088,0.009286359445053736,-0.028900046308473235,-0.02965396634876388,-0.02833809394041113,-0.026570254345349913,-0.034067707437549756,0.00274345486947835,-0.04380996031490087,-0.02219656640063536,-0.04018850278072515,-0.004575923889866952,-0.031360488899114095,-0.03777983396338335,0.006106252622360574
2025-12-02,1623.8248291015625,35.48892593383789,147.4439697265625,21.640853881835938,58.366607666015625,46.44887161254883,45.41015625,436.6452331542969,3.411998748779297,542.8345947265625,1475.2537841796875,167.54330444335938,675.9300537109375,55.68990707397461,8.76010513305664,113.84333038330078,0.008968655760546902,-0.004116864796733115,-0.01512621885572139,0.01950219578817421,-0.004406029924902909,0.0009705526149016937,0.006110871302508289,0.00597040511819092,0.005464502704106465,0.0026727307521879104,0.02859275182023029,0.004631515371146196,0.001850563521801528,0.014118664900788095,0.012752491708423547,-0.010775506925025739
2025-12-03,1643.3226318359375,36.34784698486328,148.75894165039062,21.919492721557617,60.15091323852539,47.19688034057617,46.17094421386719,441.5669250488281,3.4770777225494385,549.13671875,1503.966796875,167.19590759277344,678.2706298828125,55.91721725463867,8.871109962463379,116.2311019897461,0.011935815229859911,0.023914269807246848,0.008878917202671616,0.012793407852315171,0.03011268522971951,0.015975623480861643,0.01661490114312709,0.01120855222769887,0.018893943194386906,0.011542783071135872,0.019276116675442316,-0.0020756276098932774,0.003456767569100685,0.004073404746112133,0.012592018818380298,0.020757259421658066
2025-12-04,1686.3179931640625,36.33808135986328,149.4164276123047,21.585126876831055,59.47684097290039,46.52998352050781,46.78352355957031,443.0987548828125,3.4770777225494385,548.8190307617188,1524.759033203125,170.03460693359375,678.7665405273438,55.28470993041992,8.861859321594238,115.57988739013672,0.025827262542611997,-0.0002687074453377864,0.0044100693437159446,-0.015371812547841196,-0.011269615554061299,-0.014230884240545784,0.013180393123622073,0.0034630740168955488,0.0,-0.0005786899832497423,0.013730237821895239,0.01683576229899089,0.0007308726355028201,-0.011375956539703783,-0.001043326874376464,-0.005618511136689717
2025-12-05,1672.8194580078125,34.971622467041016,147.19863891601562,21.715158462524414,59.694923400878906,46.079368591308594,46.63532257080078,446.9036865234375,3.4770777225494385,544.8195190429688,1514.3629150390625,169.82618713378906,680.0557861328125,55.235294342041016,8.686102867126465,114.9878921508789,-0.008036948776949607,-0.03832931868428946,-0.014954264140636449,0.006006056336890067,0.003659972184957645,-0.009731597839112774,-0.003172831162765801,0.00855043681929939,0.0,-0.007314170755294197,-0.006841554167216527,-0.0012265011414679618,0.0018975931835084833,-0.0008942379616645778,-0.02003222140314313,-0.005135119411031204
2025-12-08,1690.817626953125,34.92281723022461,145.9327392578125,21.835901260375977,58.569053649902344,46.511959075927734,47.61347579956055,459.9293212890625,3.319028615951538,549.3748168945312,1569.3135986328125,170.24305725097656,678.0127563476562,54.919044494628906,8.713852882385254,114.43534088134766,0.01070171380735382,-0.0013965415549501237,-0.008637134214461927,0.005544898699679523,-0.01904051924142602,0.00934415010742177,0.020757577123512963,0.02872972329943234,-0.04652005155181355,0.0083263530425097,0.03564349304535693,0.002451679079356251,-0.0030087308003297914,-0.005741956597437905,0.0031896677423339445,-0.004816882149223226
2025-12-09,1726.313720703125,34.69832992553711,145.71685791015625,21.13001823425293,57.396480560302734,45.38467025756836,48.868282318115234,461.421630859375,3.2818408012390137,546.467041015625,1625.2545166015625,170.64999389648438,677.4275512695312,54.08888626098633,8.639850616455078,116.67510986328125,0.020776122978828852,-0.006448847565698877,-0.0014804161513010269,-0.032860767452804404,-0.020223475214995564,-0.024535075453055232,0.026012736478777027,0.00323939726077058,-0.0112676696991163,-0.00530693855571587,0.035026103680037904,0.0023874751182765158,-0.000863490795128103,-0.015231447424854886,-0.008528751745610779,0.01938327842687224
2025-12-10,1706.31591796875,35.02042770385742,148.58230590820312,21.167171478271484,56.62138748168945,45.20137405395508,48.0580940246582,462.4593200683594,3.2353556156158447,551.1611938476562,1594.0662841796875,173.41921997070312,681.92041015625,53.742984771728516,8.501093864440918,117.94792938232422,-0.011651725403103188,0.009239983066884887,0.01947364385204571,0.0017567717300562625,-0.013596202630072537,-0.004046902702645755,-0.01671799140716655,0.0022463709080837056,-0.014265635402334765,0.008553317601145152,-0.01937626606408256,0.016097260432402533,0.006610338742418503,-0.006415592577248502,-0.01619044775369365,0.010850017200146398
2025-12-11,1690.817626953125,34.678810119628906,147.9051971435547,21.325063705444336,57.2772331237793,44.82561111450195,47.0700569152832,469.31805419921875,3.2074649333953857,555.8058471679688,1586.6405029296875,176.09912109375,683.5072021484375,52.59657287597656,8.547346115112305,117.94792938232422,-0.00912439757572577,-0.00980269886665896,-0.004567544566689884,0.007431614419619819,0.011516432547189835,-0.008347833060840635,-0.020773506700189657,0.014722096071580043,-0.008657964701232198,0.00839172333945547,-0.004669273365006368,0.0153351245211229,0.002324242885119065,-0.021562179443109807,0.005425993721937953,0.0
2025-12-12,1700.3165283203125,34.41527557373047,147.18882751464844,21.232187271118164,56.85987854003906,44.495670318603516,47.60359573364258,474.6251220703125,3.188870906829834,565.4523315429688,1600.0068359375,177.32989501953125,676.1580810546875,51.3809814453125,8.491844177246094,117.23751831054688,0.005602211989055789,-0.007628317856807436,-0.004855205299293891,-0.0043647829522123465,-0.007313246984954242,-0.007387764511622507,0.01127123443215656,0.011244583198414197,-0.0058139783172092225,0.017206960122992852,0.008389012008481616,0.006964786957998965,-0.0108102968489866,-0.02338286997325575,-0.006514644558616523,-0.006041302635185232
2025-12-15,1693.3172607421875,34.405517578125,147.00238037109375,21.13001823425293,56.40277099609375,44.75229263305664,47.57395553588867,478.7463073730469,3.2539496421813965,571.4367065429688,1557.927490234375,180.75421142578125,675.1365356445312,51.46992874145508,8.575098037719727,116.19164276123047,-0.004124945670426626,-0.00028357696050757653,-0.001267523729597787,-0.0048236031974638474,-0.00807168166391384,0.005750787204707013,-0.0006228401196866153,0.008645551661087866,0.02020262657042019,0.010527729746090448,-0.026651495618046087,0.01912634899717656,-0.0015119509722544683,0.0017296359975020963,0.009756231642899538,-0.008961027346852887
2025-12-16,1664.3204345703125,32.951210021972656,144.0093231201172,20.888532638549805,55.985416412353516,44.03742980957031,45.71644592285156,471.47247314453125,3.2074649333953857,564.4202270507812,1487.1351318359375,178.59043884277344,673.2918701171875,50.78800964355469,8.454843521118164,113.15265655517578,-0.017272588477183277,-0.043188962982814244,-0.020570738278360656,-0.011494363772454963,-0.007427052821847252,-0.016102725644694383,-0.03982735870300655,-0.015310108490755635,-0.014388648253210833,-0.012354669910995894,-0.04650486725230622,-0.012043027400771525,-0.002736024649435422,-0.01333743311001848,-0.014122951037422823,-0.02650307069549163
2025-12-17,1680.818603515625,33.644203186035156,146.7276153564453,21.297203063964844,56.26365280151367,45.0089111328125,45.84489440917969,469.2290954589844,3.216761589050293,559.9244384765625,1511.8876953125,175.88075256347656,665.8832397460938,51.22285842895508,8.713852882385254,115.84630584716797,0.009864046025644096,0.020812790129163504,0.018699869801948737,0.019375421731526406,0.004957492493321171,0.02182054555206755,0.0028057381013932205,-0.0047695932765639566,0.002894251039257035,-0.00799721415128003,0.016507460584608606,-0.015288909944670762,-0.011064581322954193,0.008525590019060869,0.030174569730506307,0.023526513015126687
2025-12-18,1715.31494140625,32.51199722290039,144.93179321289062,20.43342399597168,55.34944534301758,44.10157775878906,47.72216033935547,464.6335754394531,3.142385721206665,555.289794921875,1534.6600341796875,176.962646484375,670.9114990234375,50.3828125,8.52884578704834,114.9878921508789,0.02031576432419541,-0.03423160683844816,-0.01231467105537134,-0.041403761281121325,-0.016382089903594865,-0.020364936683420567,0.04013202907086285,-0.00984204050208413,-0.023392840542372124,-0.008311712848923436,0.014949880993465737,0.006132450341292621,0.007522894645792734,-0.016535791014434427,-0.021460004488489268,-0.007437525815392453
2025-12-19,1723.81396484375,33.12689971923828,144.9906463623047,20.173362731933594,53.97813034057617,44.33070373535156,48.63115692138672,468.57684326171875,3.1330885887145996,564.1622314453125,1544.0660400390625,180.6549530029297,676.9923095703125,50.6595344543457,8.482593536376953,115.1358871459961,0.0049425543333508105,0.018736466138344385,0.0004059923771936995,-0.012808933710132675,-0.025087667362265774,0.005181964898181007,0.0188685470575251,0.008451022860785624,-0.002963007681925959,0.015851724058547352,0.006110342328643483,0.02065020140147748,0.009022679156543787,0.005477359830313401,-0.0054377955637688324,0.0012862209717962583
2025-12-22,1717.314697265625,33.32210922241211,147.00238037109375,20.284818649291992,53.79926300048828,44.688133239746094,48.81888198852539,477.90625,3.1795737743377686,580.2396850585938,1529.70947265625,184.29762268066406,681.2098388671875,50.6101188659668,8.593598365783691,116.57644653320312,-0.0037774090679957985,0.0058754846116381935,0.013779547154589586,0.005509698928956909,-0.003319202640920019,0.008030467199445153,0.0038527496027589902,0.019714475550814826,0.014727867009310502,0.028099413734262245,-0.009341392513193129,0.019963090517611363,0.00621047884157309,-0.0009759210322295739,0.013001305404664642,0.012434193075451341
2025-12-23,1709.8155517578125,33.75157165527344,147.69911193847656,19.978317260742188,53.18316650390625,43.87245559692383,48.858402252197266,476.898193359375,3.142385721206665,575.6744995117188,1525.7491455078125,184.3770294189453,684.3233032226562,50.19504165649414,8.482593536376953,117.82952880859375,-0.00437634809989842,0.01280586650964494,0.004728397267581058,-0.015225207990489757,-0.011517841021219487,-0.01842130274222056,0.0008092007499099416,-0.0021115465521381227,-0.011764859327384499,-0.00789887232768716,-0.002592297825720696,0.00043076864144001156,0.004560079363435816,-0.00823528385239945,-0.013001305404664753,0.010691657585559485
2025-12-24,1711.3153076171875,33.488040924072266,147.68931579589844,19.90401268005371,,44.00076675415039,,480.0606994628906,3.1516828536987305,577.9471435546875,,184.992431640625,686.7305297851562,50.41246032714844,8.427091598510742,117.63218688964844,0.000876760356206827,-0.007838596043216284,-6.632719268562224e-05,-0.003726194872387311,,0.0029203719855976275,,0.006609516124993923,0.0029542541976586515,0.0039400214041186475,,0.003332180139294318,0.003511501850767283,0.004322123198158786,-0.006564538220098575,-0.0016762127513247106
2025-12-26,,33.44899368286133,147.21826171875,20.256954193115234,,44.48651123046875,,477.3725891113281,3.188870906829834,573.0048217773438,,183.7914276123047,686.660888671875,50.84730911254883,8.491844177246094,117.5236587524414,,-0.001166685852438618,-0.0031945905339326036,0.01757679792526614,,0.01097896480897215,,-0.005615257891905913,0.011730356988247023,-0.008588285705093984,,-0.006513345115842527,-0.00010141480775991423,0.00858882971911869,0.00765448793637363,-0.0009230316568663706
2025-12-29,1698.3167724609375,33.62468719482422,148.17015075683594,20.554166793823242,53.6601448059082,45.045570373535156,47.90000534057617,483.1441650390625,3.2353556156158447,573.4117431640625,1510.8975830078125,183.0469970703125,684.2138671875,51.025203704833984,8.491844177246094,118.92474365234375,,0.0052388332202692655,0.006445021489461434,0.014565532535752,,0.012488627522290775,,0.012017792229171934,0.014471943018441314,0.0007099014725573921,,-0.004058634612897591,-0.003570018446780222,0.003492497989660447,0.0,0.011851222375090287
2025-12-30,1713.8150634765625,33.91749572753906,149.46548461914062,20.173362731933594,54.0576286315918,44.32154083251953,48.57187271118164,482.28436279296875,3.1795737743377686,570.2260131835938,1545.5511474609375,182.6400604248047,683.3782958984375,50.10609436035156,8.35308837890625,119.37861633300781,0.009084290023270734,0.008670444288474086,0.00870421338420742,-0.01870062652709789,0.007380130820033849,-0.016203844416973208,0.01392899665568018,-0.0017811830676742917,-0.017391694876962596,-0.005571236526343247,0.022676676426193115,-0.002225601399560379,-0.001221959902357149,-0.018177056331392202,-0.016474858097409572,0.0038092054556116265
2025-12-31,1713.8150634765625,33.897972106933594,149.56362915039062,20.26624298095703,,44.495670318603516,,478.0050964355469,3.1981678009033203,565.8989868164062,,182.03460693359375,678.3152465820312,50.23457336425781,8.35308837890625,118.73727416992188,0.0,-0.0005757866683899046,0.0006564212663905645,0.004593536989541666,,0.003921080316047604,,-0.008912509957174948,0.005830929029914728,-0.007617202841203683,,-0.003320516074772572,-0.007436434837780548,0.0025608574675332844,0.0,-0.0053868199437987815
2026-01-02,1753.810791015625,34.971622467041016,152.9884490966797,19.114540100097656,52.20933532714844,43.065948486328125,50.60722732543945,491.2481384277344,3.1330885887145996,581.2321166992188,1586.1453857421875,185.85594177246094,679.55859375,49.1079216003418,8.158830642700195,121.01651763916016,0.023069098545563157,0.03118175322551079,0.022640507113037753,-0.058507287315583925,,-0.032659261700161514,,0.027327979282538953,-0.020558796039225263,0.02673459570563646,,0.020775050040599936,0.0018313152201985445,-0.02268314423646956,-0.023530481100156354,0.019013773407409906
2026-01-05,1850.80029296875,35.25467300415039,160.7899932861328,19.309587478637695,52.74593734741211,42.900978088378906,53.768943786621094,505.57830810546875,3.1702768802642822,606.6981811523438,1734.660888671875,186.85841369628906,684.0845947265625,48.930030822753906,8.084827423095703,123.69042205810547,0.05382712106555528,0.008061141997441928,0.04973670155848842,0.01015242589231962,0.010225435695658367,-0.0038380015903090453,0.06060164884388328,0.02875356492365624,0.011799640434477747,0.04288124754878067,0.08950515388342095,0.005379317037295385,0.006638125918191552,-0.0036290226065182085,-0.009111707634179624,0.021854801911332558
2026-01-06,1881.2969970703125,33.53683853149414,153.6165008544922,20.071197509765625,53.839012145996094,44.413185119628906,53.927032470703125,515.9256591796875,3.2074649333953857,605.9934692382812,1723.274658203125,188.98248291015625,688.1529541015625,51.12403106689453,8.214333534240723,119.43782043457031,0.016343294690672992,-0.0499535956586433,-0.04563988161905924,0.03868409456591151,0.02051158493162969,0.034641762570466646,0.0029358348032083683,0.020259745105228554,0.011661956750563104,-0.001162227831223208,-0.006585589272033473,0.011303143683627634,0.005929543756599755,0.0438633267100522,0.015891472808553228,-0.03498594274515418
2026-01-07,1925.792236328125,32.86336898803711,152.30152893066406,21.984508514404297,55.64755630493164,49.591365814208984,56.673770904541016,491.05047607421875,3.4956717491149902,572.6475830078125,1806.9384765625,184.3472442626953,685.9347534179688,55.452720642089844,8.96361255645752,116.91191101074219,0.023376003380605748,-0.020285859449967348,-0.00859694359036155,0.09105221920289991,0.03303982768516857,0.11028035474395752,0.04967962716830813,-0.04941575863924691,0.08604467535385193,-0.05659872005645733,0.0474076119408015,-0.024833151579558448,-0.0032286186657920035,0.0812761154268514,0.08729271254260657,-0.02137515097677845
2026-01-08,2022.78173828125,33.312347412109375,156.27587890625,22.69038963317871,57.2772331237793,49.95796203613281,57.81989288330078,512.3677978515625,3.6258296966552734,586.3233032226562,1832.68115234375,185.7765350341797,685.8651123046875,55.52190017700195,8.9821138381958,121.27305603027344,0.04913622782708038,0.013569488559040482,0.02576060111080833,0.031603423780140895,0.028865052186067438,0.007365150263084059,0.020021374569635084,0.04249579721891193,0.03655758384182895,0.023600860303698422,0.014146041447289103,0.007723350707031984,-0.00010153246851990349,0.0012467633295373444,0.002061915788333603,0.03662391068370733
2026-01-09,2052.778564453125,33.4685173034668,159.08248901367188,23.20122528076172,57.69459533691406,49.86631393432617,57.780372619628906,536.5610961914062,3.6351265907287598,614.1414184570312,1881.1961669921875,187.0966339111328,690.4010009765625,54.16794967651367,8.871109962463379,122.95040893554688,0.014720610480680123,0.0046770935569585515,0.017799966616566798,0.02226362043730724,0.00726028370678934,-0.0018361891767439532,-0.0006837400422842326,0.046137712463381206,0.0025607919359395227,0.04635387542277665,0.026127828356937433,0.007080715387025154,0.006591610519991714,-0.024688141546174137,-0.012435323436579439,0.01373643012012579
2026-01-12,2092.774169921875,33.58563995361328,159.30816650390625,23.377695083618164,56.48227310180664,49.912139892578125,57.97797775268555,544.78369140625,3.6816117763519287,624.5620727539062,1871.295166015625,192.4068145751953,691.4852294921875,54.28654098510742,8.852608680725098,122.37812805175781,0.019296267127961272,0.0034933783093613123,0.0014176140167274534,0.007577275119777689,-0.021236662277254237,0.0009185542512726177,0.0034141005700730085,0.015208384588547657,0.0127067031096763,0.016825495702431064,-0.005277040277580376,0.027986714130613186,0.0015692011602722827,0.0021869330653918532,-0.002087743416698524,-0.004665432964719216
2026-01-13,2071.7763671875,34.51288604736328,160.80960083007812,24.17645835876465,59.602508544921875,51.18606185913086,58.274391174316406,551.760986328125,3.7745816707611084,620.7709350585938,1885.1566162109375,192.6350860595703,690.1026000976562,59.3860969543457,9.074618339538574,124.85469818115234,-0.010084152172516113,0.02723416963719801,0.009380581081710264,0.033596998374662075,0.05377082435351991,0.02520300808146516,0.005099492882851028,0.012726137348283562,0.024938921869313825,-0.006088571302935494,0.007380109695896831,0.0011856969890402897,-0.0020015084477309304,0.08978380874290634,0.0247691412488839,0.020034984900475415
2026-01-14,2037.7801513671875,34.96186447143555,164.11668395996094,24.250761032104492,60.25835418701172,51.745121002197266,57.40491485595703,565.9923706054688,3.7745816707611084,648.2019653320312,1880.2060546875,197.35964965820312,686.7105712890625,58.5954704284668,9.167121887207031,128.4659423828125,-0.016545333393735543,0.01292511800849943,0.020356600780443,0.003068635060219898,0.010943558598667627,0.010862881879562306,-0.015032813079888803,0.025465641891725187,0.0,0.04324017344061659,-0.0026295285785993207,0.024230043695269907,-0.004927372488885677,-0.013402743812203933,0.010142052176630575,0.028513182759828132
2026-01-15,2040.77978515625,34.30791473388672,163.0568389892578,24.102153778076172,58.21132278442383,51.12190628051758,57.32587432861328,571.12158203125,3.8024728298187256,649.660888671875,1894.5625,198.34228515625,688.5806884765625,57.68624496459961,8.96361255645752,127.41020965576172,0.001470928159246684,-0.018881803115823128,-0.006478816918938063,-0.006146794769862483,-0.034561336088495834,-0.012117047868570667,-0.0013778435659699577,0.009021516624187775,0.007362038910911068,0.0022481943293757457,0.00760656677423538,0.004966554021870138,0.002719596051916529,-0.015638640886406003,-0.022450042360570095,-0.00825195087114772
2026-01-16,2087.774658203125,34.53240203857422,163.15496826171875,24.417943954467773,59.18515396118164,51.66263961791992,58.31391143798828,575.6083374023438,3.8024728298187256,661.8579711914062,1883.1763916015625,200.41673278808594,688.0037231445312,58.38793182373047,8.945113182067871,128.1600799560547,0.02276675943612307,0.006521994986439135,0.0006016292067890912,0.013017065100811756,0.016590847381608903,0.010521782652986126,0.017088602276767447,0.007825344383104017,0.0,0.01860047087461408,-0.006028020042273926,0.010404611571018038,-0.0008382564279319575,0.01209046535935725,-0.002065962842881119,0.005868228684290708
2026-01-19,2085.77490234375,,,,58.01258087158203,,59.282188415527344,,,,1900.998291015625,,,,,,-0.0009582998756342396,,,,-0.02001083415373154,,0.01646821385867148,,,,0.009419243388612225,,,,,
2026-01-20,2065.777099609375,34.30791473388672,162.21290588378906,24.074289321899414,57.01887130737305,51.55265808105469,58.84745407104492,569.31298828125,3.7745816707611084,652.3305053710938,1890.1070556640625,194.8981170654297,673.9981689453125,57.379878997802734,8.93586254119873,128.72250366210938,-0.009633966958187494,,,,-0.017277609994428653,,-0.007360325451800463,,,,-0.0057456938376976435,,,,,
2026-01-21,2061.777587890625,35.05946350097656,163.61618041992188,24.492246627807617,57.11824417114258,53.220672607421875,57.97797775268555,579.3638916015625,3.8024728298187256,659.1386108398438,1835.1563720703125,196.02963256835938,681.77685546875,58.111209869384766,9.065367698669434,131.83055114746094,-0.0019379575915020569,0.021669499252777207,0.008613615366860667,0.0172121653853139,0.0017412896490658733,0.03184313141843857,-0.014885326920630633,0.017500412891676153,0.007362038910911068,0.010382503929244807,-0.029503776412968898,0.005788888938487481,0.011475018699616915,0.01266488443641072,0.0143887267796623,0.023858441558572772
2026-01-22,1984.785888671875,34.581207275390625,163.54751586914062,23.507726669311523,55.78667449951172,51.59848403930664,56.179752349853516,586.953857421875,3.7280967235565186,665.3711547851562,1772.7799072265625,194.87826538085938,685.3379516601562,56.421241760253906,8.861859321594238,131.8601531982422,-0.03805747378211063,-0.013735184886311922,-0.00041975654736938465,-0.04102744174635543,-0.023588545642585952,-0.03095461074237413,-0.03150683101380993,0.013015446215315916,-0.019753758132179763,0.009411164958357542,-0.03458081067635128,-0.005890750854609143,0.005209663778086045,-0.029512871647678785,-0.022704807530048512,0.0002245210044779861
2026-01-23,2026.7813720703125,35.65485382080078,163.60638427734375,24.20431900024414,56.52202224731445,52.47831726074219,57.36539840698242,583.9000854492188,3.7745816707611084,667.8621826171875,1811.888916015625,194.4713134765625,685.5865478515625,57.8443717956543,8.92661190032959,133.17242431640625,0.020937960096950925,0.03057489746987666,0.0003598820543610756,0.02920192677518465,0.01309530388332559,0.01690778675767579,0.02088489283860877,-0.0052163276481977175,0.012391719221268613,0.003736826346666959,0.021821017527879953,-0.0020904198930149524,0.00036266941646986676,0.024910444736963775,0.0072803181267437015,0.009902796512661561
2026-01-26,1972.787109375,35.87934112548828,164.37181091308594,24.78017234802246,56.303401947021484,52.30418395996094,55.84382247924805,574.8473510742188,3.7559876441955566,655.9727172851562,1773.27490234375,192.6847381591797,689.068115234375,56.72761154174805,8.908111572265625,133.0441436767578,-0.02700168454008205,0.006276384092704806,0.0046675543472234045,0.02351274297977702,-0.0038753778320341024,-0.003323712624870631,-0.02688239609751481,-0.015625352472103324,-0.004938289145244614,-0.017962640228887976,-0.02154183677801314,-0.009229291349039196,0.00506538103059215,-0.01949509104541288,-0.002074642169592239,-0.0009637315253828699
2026-01-27,2011.782958984375,36.7187385559082,165.8928680419922,25.114538192749023,56.64126205444336,52.65245056152344,57.049224853515625,587.9817504882812,3.811769485473633,673.6083984375,1831.6910400390625,199.781494140625,691.8134765625,59.297149658203125,9.028366088867188,135.00765991210938,0.019574053921266505,0.02312553836831857,0.009211205317967514,0.013403058023546393,0.005982772505039901,0.006636414769697634,0.021355578820694485,0.02259138167283462,0.014742241483537366,0.026529732264668267,0.032411541426239955,0.03616886772640674,0.003976249609777937,0.04430017013203519,0.013409134249270668,0.014650536421730606
2026-01-28,1995.28466796875,36.79682540893555,166.7564239501953,26.06190299987793,57.09836959838867,54.67789840698242,57.049224853515625,590.2745361328125,3.8954427242279053,683.9198608398438,1826.740478515625,197.9750518798828,691.7438354492188,61.76786804199219,9.278125762939453,135.74766540527344,-0.008234642276921627,0.002124363282619244,0.005192001720060286,0.037027703490795656,0.008037831639139107,0.03774679484141905,0.0,0.003891833321005724,0.02171382441385963,0.015191817404083553,-0.0027063863407250782,-0.009083217856845092,-0.00010066964734378686,0.04082205627886048,0.027288152682708667,0.005466243996482615
2026-01-29,1973.287109375,37.12868118286133,167.99290466308594,26.29410171508789,57.81383514404297,54.36629104614258,55.54740905761719,615.2189331054688,3.9233334064483643,690.0928344726562,1777.7303466796875,198.3919219970703,690.3711547851562,62.6276741027832,9.416882514953613,138.63864135742188,-0.011085995223386519,0.008978173255677345,0.007387535870435799,0.00887005182612695,0.012452546578392138,-0.0057152648041848665,-0.026677615702364217,0.041390449093490655,0.007134313619816213,0.008985383011601818,-0.027195754866976722,0.002103456132151625,-0.001986348639724907,0.01382396408225494,0.014844529403711535,0.02107308465659703
2026-01-30,1973.7869873046875,36.972511291503906,173.5962677001953,26.544876098632812,58.847293853759766,54.668731689453125,55.6264533996582,626.791748046875,3.867551565170288,687.0262451171875,1763.868896484375,199.43408203125,688.3121337890625,62.87474822998047,9.463132858276367,139.51678466796875,0.00025329037160998127,-0.004215050186387716,0.03281055820922163,0.009492093784274094,0.017717739466203086,0.005547601337232414,0.0014219953074100819,0.018636151939083398,-0.014320014917398753,-0.0044536372630428825,-0.007827831453240928,0.005239287565813127,-0.002986940574398427,0.003937365379898269,0.004899406586830587,0.006314068652468152
2026-02-02,1921.7926025390625,36.79682540893555,170.7798614501953,26.52629852294922,58.5293083190918,55.337772369384766,55.29051971435547,628.5509643554688,3.8861453533172607,679.8409423828125,1711.8885498046875,199.59291076660156,691.73388671875,62.97357940673828,9.72214412689209,136.55674743652344,-0.02669562840380973,-0.004763123069289708,-0.016356935369688363,-0.000700100443408781,-0.005418223167308903,0.012163806764087385,-0.006057408583185746,0.0028027684278431695,0.004796118286486218,-0.010513631443418906,-0.029912456914386033,0.0007960801981137652,0.004958907008599522,0.0015706398158965064,0.027002686142115657,-0.021444653855962153
2026-02-03,1931.2916259765625,37.889991760253906,174.7149658203125,26.78636360168457,58.76779556274414,55.92432403564453,55.685733795166016,620.901611328125,3.941927671432495,699.6499633789062,1743.0767822265625,201.98495483398438,685.885009765625,64.20893859863281,9.629640579223633,141.81576538085938,0.00493061771731612,0.02927543217333799,0.022780512097216852,0.009756299206746914,0.004066384665689288,0.0105437003093683,0.007122528272342923,-0.012244480097190962,0.014252105762448149,0.02872129511092319,0.018054641145387754,0.011913367562258723,-0.00849133546493203,0.019427167579309783,-0.009560281248783825,0.03778852795087111
2026-02-04,1874.2977294921875,38.26089096069336,177.8453826904297,26.191936492919922,58.11194610595703,54.036354064941406,53.057559967041016,595.7002563476562,3.867551565170288,684.5352172851562,1662.87841796875,195.27529907226562,682.5626831054688,63.74443817138672,9.444632530212402,145.6243438720703,-0.029954970343041825,0.00974124317732765,0.01775865693828211,-0.022441341239771342,-0.01122275479236767,-0.034342376847281246,-0.04834662701296408,-0.04143501855198281,-0.01904822404893439,-0.02184006460507866,-0.04710172985549359,-0.03378286056823186,-0.004855623207264491,-0.007260495650427408,-0.019399308164312644,0.026501530391370196
2026-02-05,1856.2996826171875,37.25556182861328,175.8827362060547,26.00617790222168,59.5627555847168,53.72474670410156,52.286888122558594,602.0450439453125,3.8768486976623535,691.234130859375,1555.4521484375,194.51101684570312,674.0379638671875,64.63390350341797,9.407631874084473,144.13446044921875,-0.009648956735324805,-0.02662700622781515,-0.0110970348139948,-0.007117474530904816,0.02465921687765011,-0.005783315633125593,-0.014631726828940123,0.010594651374405175,0.002400995982351963,0.00973850235294055,-0.06678381341228844,-0.003921549704612703,-0.012567930681256348,0.013857159289852952,-0.003925332558889109,-0.01028370169097824
2026-02-06,1878.7972412109375,38.075439453125,177.4822998046875,27.278621673583984,59.90061950683594,55.96098709106445,52.563541412353516,616.2763671875,3.960521697998047,703.748779296875,1588.62060546875,197.18099975585938,686.96923828125,67.62840270996094,9.703642845153809,147.06491088867188,0.012046718534379872,0.021768195975648465,0.009053383108836724,0.04776918511672296,0.0056563749798216965,0.040781061024552326,0.00527711585046891,0.02336324461365871,0.021353126202907927,0.01794284947556023,0.021099821902996044,0.01363328406951491,0.01900307879815714,0.0452889580864831,0.030980104693904158,0.02012744296701554
2026-02-09,1943.290283203125,38.28041076660156,179.1898193359375,27.027849197387695,61.82841110229492,55.92432403564453,54.02583312988281,630.8140869140625,3.9512245655059814,692.74267578125,1632.6802978515625,194.72940063476562,690.2816162109375,66.91683197021484,9.805397987365723,149.19615173339844,0.033750751931879916,0.00536885661643985,0.009574802652613611,-0.009235520358375717,0.03167613797700507,-0.0006553685441452674,0.027439573089803743,0.02331567570997341,-0.0023502110562716705,-0.01576283386824779,0.027356922890243413,-0.012511181625014038,0.0048101394245550514,-0.010577518793108982,0.01043168301644657,0.014387834779096477
2026-02-10,1923.79248046875,36.084312438964844,178.8561553955078,26.981409072875977,61.709163665771484,55.57605743408203,52.91923522949219,622.1863403320312,4.016304016113281,679.8211059570312,1612.878173828125,193.73684692382812,688.4613037109375,67.341796875,9.768396377563477,149.57107543945312,-0.010084070681096074,-0.059080084693650566,-0.0018638055477053555,-0.0017197101920752853,-0.0019305458081664436,-0.006246933499944632,-0.020695435769161007,-0.013771556262036777,0.01633653329604984,-0.01882892693115351,-0.012202750262375732,-0.005110126694850629,-0.0026405409324224806,0.006330562552013951,-0.0037807338921939655,0.0025098060882388054
2026-02-11,1925.292236328125,37.626461029052734,182.34967041015625,27.975215911865234,62.08677291870117,57.61983108520508,52.9587516784668,621.3364868164062,4.18364953994751,673.69775390625,1576.244384765625,195.0469970703125,688.3021850585938,69.07130432128906,10.434422492980957,153.4882049560547,0.0007792792550018257,0.04184934123856393,0.019344228157871433,0.036170896210852545,0.00610053018627477,0.03611431129823624,0.0007464526284168617,-0.0013668484878354035,0.04082188054389864,-0.009048110089936535,-0.02297522270603651,0.0067397610580586294,-0.00023114885650317492,0.025358269974576263,0.06595788054926478,0.025852022544017222
2026-02-12,1924.7923583984375,36.299041748046875,178.99354553222656,27.575836181640625,62.36500930786133,56.88664245605469,52.62281799316406,629.9641723632812,4.146461486816406,689.8050537109375,1563.8680419921875,199.6425323486328,677.668701171875,66.97613525390625,10.15691089630127,148.91920471191406,-0.00025967114238535324,-0.03591621085513467,-0.018576363084276615,-0.014379083613982213,0.004471400051598902,-0.012806239275005085,-0.00636351249490104,0.013790166590986988,-0.008928644544130183,0.023627452824444214,-0.007882779453940779,0.023287888954018992,-0.015569436795382833,-0.030803001271987002,-0.026955845448545034,-0.030219814778677162
2026-02-13,1967.7877197265625,36.75777816772461,180.30853271484375,28.71824836730957,62.96123504638672,58.60964584350586,53.433013916015625,644.936767578125,4.220837593078613,697.2582397460938,1593.076171875,198.57057189941406,678.1461181640625,69.68403625488281,10.563928604125977,147.44918823242188,0.022091830664734843,0.01255851128947053,0.007319707474217189,0.04059286374050863,0.00951485045666659,0.029838729028610924,0.015278965233200463,0.02348932872362663,0.01777827337777257,0.010746817111250273,0.018504579968485212,-0.005383866211854284,0.0007042510601164912,0.03963489075339796,0.03929088571968334,-0.009920278748112988
2026-02-16,2028.7811279296875,,,,64.2331771850586,,55.369564056396484,,,,1603.96728515625,,,,,,0.030525256312867843,,,,0.020000635512831176,,0.03560126445893529,,,,0.00681326704413283,,,,,
2026-02-17,2028.7811279296875,36.660179138183594,178.91131591796875,29.27552604675293,63.21959686279297,59.0403938293457,54.836021423339844,641.9718627929688,4.295213222503662,695.8192138671875,1595.5513916015625,201.98495483398438,679.2402954101562,69.19977569580078,10.702683448791504,145.20443725585938,0.0,,,,-0.015905525763497706,,-0.009682754268472718,,,,-0.005260736888467515,,,,,
2026-02-18,2109.7724609375,37.606937408447266,182.20118713378906,30.910198211669922,65.24676513671875,59.91106414794922,57.40491485595703,642.19921875,4.3974809646606445,719.3499755859375,1677.23486328125,203.2852020263672,682.662109375,69.91134643554688,10.961694717407227,149.66415405273438,0.039144920122373625,0.02549741004570904,0.018221259087952923,0.054334290196891045,0.031562138493276624,0.014639347559683602,0.04578262107439424,0.000354089829111408,0.023530670388513367,0.03325811614130847,0.04992714613590205,0.006416715525482957,0.005025060758005965,0.010230338666035262,0.023912397434842612,0.030251149329743966
2026-02-19,2162.7666015625,38.075439453125,183.10292053222656,31.411745071411133,67.67140197753906,61.432437896728516,58.49176025390625,658.70361328125,4.490450382232666,731.2989501953125,1726.2449951171875,203.88075256347656,680.8616943359375,71.5914306640625,11.26695728302002,149.95220947265625,0.024808132929843626,0.012380901570114912,0.004936901671835001,0.0160957011709896,0.03648719936373035,0.025076801775480197,0.01875596962871118,0.02537511597154212,0.02092113562334193,0.016474344199707443,0.028802003760862775,0.0029253475400174513,-0.002640828242968268,0.023747423446904805,0.0274674107721551,0.001922828948887176
2026-02-20,2164.766357421875,37.74818420410156,182.26063537597656,32.247657775878906,68.92347717285156,61.835697174072266,58.21510696411133,650.5502319335938,4.583420753479004,718.0895385742188,1722.7796630859375,204.0699462890625,685.7855834960938,70.82057189941406,11.118950843811035,146.28707885742188,0.0009242013963470382,-0.008632066506155564,-0.004610676871084475,0.026263543663428132,0.018333194803097336,0.006542821722559756,-0.004741003071826495,-0.012455165636218093,0.020492604178315884,-0.018228069935430375,-0.002009456899108186,0.0009275323693865446,0.007205824861526998,-0.010825861295841597,-0.013223372045899216,-0.02474565518820732
2026-02-23,2136.76953125,37.975582122802734,183.23175048828125,32.591312408447266,68.36700439453125,61.45993423461914,57.286354064941406,652.882568359375,4.574123859405518,722.21142578125,1684.66064453125,201.0823974609375,678.7827758789062,70.95892333984375,11.14670181274414,149.74362182617188,-0.013017313924583522,0.006006003485845745,0.005314022590487777,0.010600348819545755,-0.008106546344636787,-0.00609533522892985,-0.01608244448023725,0.0035787635765329815,-0.0020304345019303604,0.0057236627092446405,-0.022374923940899953,-0.014748047368152101,-0.010263859697353819,0.0019516430653140095,0.0024927168074249605,0.023353659315183233
2026-02-24,2140.76904296875,37.866825103759766,183.6578369140625,33.91948699951172,69.42032623291016,63.95279312133789,58.45223617553711,656.64794921875,4.648499488830566,724.5411376953125,1707.43310546875,197.6367645263672,683.7164916992188,72.51053619384766,11.433463096618652,148.25372314453125,0.001870006694202572,-0.002867975782058922,0.0023226967020598304,0.039943924654864835,0.015289393483409542,0.03975971706432587,0.020147498703370285,0.005750749884696034,0.016129302702415065,0.0032206114391491315,0.013426989193566835,-0.017283938371203518,0.007242187209707843,0.021630713002781826,0.025400762397251482,-0.009999492420500545
2026-02-25,2105.772705078125,37.659202575683594,182.54800415039062,33.8637580871582,68.7048568725586,63.714500427246094,56.23903274536133,639.916259765625,4.68568754196167,700.5667114257812,1665.3536376953125,195.1670379638672,689.4859008789062,72.93550109863281,11.646222114562988,148.05508422851562,-0.01648264977667697,-0.005498052988260623,-0.006061269576084791,-0.0016443274392947199,-0.010359816266381732,-0.003733030820908658,-0.03859889644925347,-0.02581070525322519,0.00796818186093002,-0.033648945701526045,-0.024953638918328438,-0.012575026472983567,0.0084029028181233,0.00584362588355792,0.018437430411305966,-0.001340756270684215
2026-02-26,2117.771484375,37.560333251953125,182.48855590820312,34.6253662109375,70.69226837158203,66.4548110961914,55.70549774169922,634.114990234375,5.020379543304443,707.784912109375,1657.432861328125,196.81019592285156,685.6561889648438,76.10789489746094,11.923733711242676,147.53857421875,0.0056818686103333035,-0.00262882187667513,-0.000325711170977048,0.02224118140585011,0.0285163151061411,0.04211001139349991,-0.009532203872993653,-0.009107013076041455,0.06899287827125862,0.01025065582741663,-0.004767559620536901,0.008383994997186952,-0.005569928872744709,0.04257649921451945,0.023548997990457256,-0.0034947335349735003
2026-02-27,2111.772216796875,38.420494079589844,185.06495666503906,35.247657775878906,70.5928955078125,69.22261810302734,56.12046813964844,650.372314453125,5.3271803855896,721.2058715820312,1647.0367431640625,201.7794952392578,682.3637084960938,78.15364837646484,11.979235649108887,151.47189331054688,-0.002836841052052314,0.022642490392397498,0.014019416855411118,0.017812540035540614,-0.00140669943577334,0.04080547613229599,0.00742175217489434,0.025314679772985533,0.05931655278974529,0.01878438161951112,-0.006292176178420134,0.024935701609888037,-0.004813507218789428,0.026524736846108773,0.004643945007561521,0.026310423318732075
2026-03-02,2240.75830078125,39.02359390258789,187.87918090820312,36.79874038696289,73.23616027832031,70.11161041259766,57.52348327636719,672.2987670898438,5.541011810302734,764.6546630859375,1611.39306640625,211.27992248535156,682.7516479492188,77.3630142211914,11.914483070373535,153.1802978515625,0.059286827581891154,0.015575417853356461,0.015092220935815798,0.04306453499765185,0.03675978263150085,0.012760746334704537,0.024692672274303093,0.0331578452306561,0.039355031450482594,0.0584996784007408,-0.021878696579691607,0.04600840767056432,0.0005683614380813482,-0.010167926109156449,-0.005420063575341778,0.01121555989890425
2026-03-03,2219.760498046875,38.420494079589844,187.0567169189453,34.49533462524414,75.32294464111328,69.29593658447266,57.246829986572266,663.4765625,5.373665809631348,755.7836303710938,1564.3631591796875,205.66331481933594,676.7337036132812,78.47978973388672,11.655472755432129,150.80641174316406,-0.00941502941240576,-0.01557541785335656,-0.004387231594746662,-0.06463952933457764,0.02809550623442986,-0.011702137421872951,-0.004820999747436499,-0.013209306495100995,-0.030666799584058373,-0.011669179100056928,-0.029620249380224072,-0.026943463478056796,-0.008853326204464676,0.01433232207326532,-0.021978890710119197,-0.01561867207347566
2026-03-04,2268.755126953125,38.400718688964844,184.34158325195312,33.69657516479492,76.07815551757812,69.14013671875,59.67740249633789,660.1582641601562,5.373665809631348,750.5368041992188,1622.2841796875,207.9537811279297,681.50830078125,79.25064849853516,11.877481460571289,148.80996704101562,0.02183197254087255,-0.0005148419388115663,-0.014621402612245541,-0.023427881602850538,0.009976375857065959,-0.0022508574215271988,0.041581161605676056,-0.005013928652670915,0.0,-0.006966442559045562,0.036356329473680116,0.011075411264551445,0.0070305833857426895,0.009774459649027808,0.01886845906955408,-0.0133268699024581
2026-03-05,2149.76806640625,38.85551452636719,188.17645263671875,32.433414459228516,70.97486114501953,66.4914779663086,56.02166748046875,650.7399291992188,5.18772554397583,736.767333984375,1531.689697265625,203.0143585205078,677.7084350585938,77.79786682128906,11.3687105178833,149.74362182617188,-0.05387131861210879,0.011773835514187177,0.020589633207773104,-0.038207003203497285,-0.0694354279933783,-0.03906162334332335,-0.06321489589812034,-0.01436953238467752,-0.03521495876929789,-0.018516540468624488,-0.05746364028064379,-0.02403914072561763,-0.005591272564328495,-0.018501583611778456,-0.04377940277649547,0.0062545409844556475
2026-03-06,2213.76123046875,39.98262023925781,188.21609497070312,32.09905242919922,69.97886657714844,66.36316680908203,57.918697357177734,667.40087890625,5.224913597106934,752.8167114257812,1576.7393798828125,208.88987731933594,668.8256225585938,76.38642883300781,11.294708251953125,150.1905975341797,0.029333022923575095,0.028594854884316335,0.00021064356551667605,-0.010362691472330982,-0.014132455538481243,-0.0019316027277558447,0.03330172224906328,0.025280815155360514,0.007142898306835083,0.021549638074389733,0.02898752776508051,0.028530502155924113,-0.013193786382772557,-0.018308964740909744,-0.006530570668774203,0.002980493788588297
2026-03-09,2258.75634765625,40.19024658203125,187.7206268310547,32.96282958984375,71.69198608398438,69.43341827392578,61.73251724243164,659.8304443359375,5.234210968017578,744.0652465820312,1608.917724609375,207.36622619628906,674.6845092773438,75.81986236572266,11.609220504760742,149.42578125,0.020121390018164653,0.005179478174378722,-0.002635913959942867,0.02655404020218552,0.024185680835165844,0.04522609709888499,0.06377055639722144,-0.011407983733120783,0.001777849245726282,-0.01169305904266568,0.020202701123962677,-0.007320771587556739,0.008721815668318755,-0.007444752508169268,0.027465333723645707,-0.005105314659222981
2026-03-10,2248.75732421875,39.488277435302734,184.59921264648438,32.73063278198242,71.09437561035156,67.24299621582031,61.7127571105957,646.9844970703125,5.147932052612305,731.7593994140625,1636.640625,206.14132690429688,673.6002807617188,74.8358383178711,11.387211799621582,147.13136291503906,-0.004436609877061605,-0.017620489778667217,-0.016767773228947246,-0.007069128842759451,-0.008370742920422539,-0.032055415369564445,-0.00032014400078532977,-0.019660566531682685,-0.016621019667491303,-0.016676957400707897,0.017084009391250293,-0.0059244522405819625,-0.0016083082110627642,-0.013063402675011323,-0.019308699689325217,-0.015474010066328382
2026-03-11,2227.759521484375,41.0899543762207,190.04930114746094,31.114534378051758,70.19798278808594,64.53934478759766,59.716922760009766,645.245849609375,5.023307800292969,729.96728515625,1505.4520263671875,206.40023803710938,672.7548217773438,72.81808471679688,10.91544246673584,150.55809020996094,-0.009381381757227449,0.03975981848570783,0.029096461352243138,-0.05063636836008878,-0.012688652934112027,-0.04103783303246916,-0.03287522629359837,-0.002690926605378128,-0.024506449784069517,-0.002452052322315265,-0.08355253875591324,0.0012552003909848712,-0.0012559228897518618,-0.027332551342953714,-0.042312427107068444,0.023023178173022348
2026-03-12,2297.752197265625,41.683170318603516,195.1822967529297,29.48550033569336,64.52079010009766,61.166656494140625,63.11576843261719,648.5840454101562,4.7644734382629395,733.0736083984375,1535.155029296875,202.19773864746094,662.5390625,67.0133056640625,10.29566764831543,152.4949493408203,0.030934957986123036,0.014333785301747334,0.026650458777132156,-0.0537764248911571,-0.08433207640765696,-0.05367282201812672,0.05535519070224811,0.005160188709441041,-0.05290161620532911,0.004246399295624794,0.019538169373465027,-0.020571064105017214,-0.015301438459733196,-0.08307314911678525,-0.058455336590080294,0.012782485243646462
2026-03-13,2306.751220703125,42.18739700317383,195.03366088867188,28.920129776000977,63.982948303222656,60.40597152709961,63.313377380371094,641.7984619140625,4.812406063079834,730.4949951171875,1576.7393798828125,203.67161560058594,658.7890014648438,65.9895248413086,10.16616153717041,155.06747436523438,0.003908797139842313,0.01202406936484703,-0.0007618133935099051,-0.01936074377477388,-0.008370883900781511,-0.01251424612165056,0.00312600559627704,-0.010517262912621787,0.010010155199244754,-0.0035237377232838845,0.026727658867235292,0.007262846610517513,-0.005676215023587526,-0.015395176770802797,-0.012658481240743506,0.016728864258597403
2026-03-16,2321.74951171875,42.41480255126953,195.053466796875,30.501251220703125,64.73991394042969,62.898826599121094,63.03672409057617,641.003662109375,5.080827236175537,732.735107421875,1608.4227294921875,205.20521545410156,665.493408203125,68.00727844238281,10.51767635345459,156.1699981689453,0.006480864702712303,0.005375890862537089,0.00010154607427134291,0.053229821707446556,0.011761304088570864,0.04043954211394227,-0.004379161214597455,-0.001239162130317425,0.05427691003658426,0.003061875300272671,0.01989499659088329,0.007501560023800663,0.010125429394262926,0.030118720461250845,0.03399259512059446,0.007084805093974457
2026-03-17,2330.74853515625,43.35405349731445,196.1732177734375,29.993375778198242,63.484954833984375,62.0739860534668,62.562469482421875,632.1913452148438,5.032894611358643,720.857421875,1618.81884765625,202.48655700683594,667.2440185546875,65.90007019042969,10.434422492980957,157.73934936523438,0.0038684743419265337,0.021902787050819002,0.005724323408286826,-0.01679115651430871,-0.019574973108975418,-0.013200511466848322,-0.0075519093492315064,-0.013843060283739368,-0.009478802052349949,-0.01634288794675678,0.006442749249827203,-0.013337030225037563,0.0026270911632708125,-0.03147522875251704,-0.007947108235037234,0.009998837457253388
2026-03-18,2329.74853515625,44.10546112060547,196.80740356445312,30.817474365234375,66.51278686523438,63.549530029296875,63.49122619628906,638.1026611328125,5.195864677429199,721.6638793945312,1589.6107177734375,203.71144104003906,657.9335327148438,68.14643096923828,10.573179244995117,156.52757263183594,-0.0004291387808037072,0.017183404583377627,0.003227570557518903,0.027105328731012332,0.04659126678779713,0.023492605274128834,0.014736156933229196,0.009307071526741678,0.03186776681676531,0.0011181222805386054,-0.018207622264973338,0.0060309885907762735,-0.014051911808400095,0.033519279934181634,0.013210338966284747,-0.007711805819411821
2026-03-19,2307.7509765625,45.34132385253906,199.61172485351562,31.50741958618164,66.93110656738281,65.5658187866211,62.443904876708984,633.3637084960938,5.262969493865967,711.0206909179688,1534.6600341796875,199.89732360839844,656.3121337890625,68.7428207397461,10.795187950134277,157.09373474121094,-0.009486889873123839,0.027635233268532962,0.014148500254591426,0.022141181896057897,0.006269617315058372,0.031234902753928994,-0.016633094459399866,-0.007454345146855846,0.012832355151124068,-0.014857958959905571,-0.035180274261692686,-0.01890063501795934,-0.0024674226283852175,0.008713518943024042,0.020779939971713308,0.0036104863482625802
2026-03-20,2249.75732421875,44.273536682128906,199.89907836914062,30.827054977416992,67.32950592041016,64.01620483398438,59.87500762939453,623.3492431640625,5.032894611358643,703.8522338867188,1488.1251220703125,197.33799743652344,646.9034423828125,67.56993865966797,10.637930870056152,158.5935516357422,-0.025451092557853626,-0.02383171052380513,0.0014385271329847157,-0.02183034775191171,0.005934734170834993,-0.023918253230841804,-0.042009448602583856,-0.015937891472236645,-0.044700121967889264,-0.010133091450539375,-0.030791860116671926,-0.012885871169755375,-0.01443944509538709,-0.017209115730816484,-0.01467447676365912,0.009501986578669465
2026-03-23,2139.76904296875,43.07722091674805,203.34750366210938,32.417762756347656,69.52070617675781,66.14220428466797,58.49176025390625,612.241943359375,5.2437968254089355,677.0203247070312,1468.3231201171875,194.01185607910156,653.6959228515625,70.25364685058594,11.017196655273438,160.04371643066406,-0.05012445513350063,-0.027392792082430402,0.017103725176324056,0.05031379303158107,0.03202607444777186,0.0326707827151884,-0.023373289196218994,-0.01797940797174253,0.04105053290208551,-0.038867144894259985,-0.013396005245066483,-0.016998710588879026,0.010445249178190171,0.03894902957086848,0.03503138646179253,0.009102355265814457
2026-03-24,2126.7705078125,44.283424377441406,204.9131622314453,33.960548400878906,72.6082992553711,69.11859893798828,57.286354064941406,606.2014770507812,5.550563812255859,679.1708374023438,1456.9368896484375,193.19525146484375,651.5015869140625,74.66686248779297,11.470464706420898,164.2650604248047,-0.006093263741649504,0.027616099098282883,0.0076699343115398414,0.04649300395457529,0.043454591310514226,0.04401681973995692,-0.02082344755206376,-0.009915135481555648,0.0568536894428184,0.003171403203099021,-0.0077848040407729425,-0.004217927868710028,-0.0033624612191459923,0.06092416645755466,0.04031806090159669,0.026034339639715246
2026-03-25,2151.767822265625,44.89641189575195,203.2880401611328,32.34109878540039,72.20989990234375,66.3973159790039,58.31391143798828,620.1402587890625,5.310902118682861,688.1812133789062,1471.7884521484375,194.19110107421875,655.1322021484375,71.95333099365234,11.109700202941895,162.1593475341797,0.01168511157576325,0.013747438839220263,-0.007962400143923036,-0.048860680128499104,-0.005502075849590831,-0.040167220633534804,0.01777823663414996,0.02273327511359493,-0.044137799044335194,0.013179497402431198,0.010142084402926431,0.005141388159531081,0.005557218263225205,-0.03701865757541611,-0.03195682641194415,-0.012901866702527727
2026-03-26,2092.774169921875,45.64781188964844,205.90408325195312,32.16861343383789,73.80349731445312,66.15164947509766,57.87917709350586,623.2498779296875,5.358834743499756,688.957763671875,1421.7882080078125,192.05003356933594,643.432373046875,73.46416473388672,10.961694717407227,164.31471252441406,-0.027799207346567118,0.016597795253370653,0.012786554695204459,-0.005347590515335446,0.02182896530833694,-0.0037068080367344465,-0.007482998835196014,0.005001850235031048,0.00898484149925139,0.0011277734320437648,-0.03456291463353166,-0.011086801709908004,-0.018020121487025215,0.02078000447193854,-0.013411721786850328,0.01320408920114136
2026-03-27,2066.777099609375,46.15204620361328,209.23358154296875,32.245277404785156,73.1461410522461,67.23827362060547,55.942623138427734,611.8346557617188,5.425939559936523,676.0247192382812,1365.847412109375,188.9230499267578,632.4606323242188,75.25330352783203,11.10045051574707,169.8372344970703,-0.012500102600550376,0.010985624498996148,0.016040797860841505,0.002380356353200881,-0.008946747393307846,0.01629280769820927,-0.03403110553029648,-0.01848545085697713,0.012444522355024794,-0.018950325928088645,-0.04014033002883242,-0.016416140677010124,-0.017198951843375027,0.024062070683080635,0.012578797431969728,0.033056966529054474
2026-03-30,2131.77001953125,46.81446838378906,208.79759216308594,31.99612808227539,73.08637237548828,67.02095031738281,54.994110107421875,594.6769409179688,5.473872184753418,668.647216796875,1395.550537109375,186.3736572265625,630.3460693359375,73.2156753540039,11.026447296142578,170.31399536132812,0.030962192470994337,0.014251010572851424,-0.0020859187801813366,-0.00775669740784978,-0.0008174472104053572,-0.0032373715064685496,-0.01710048813141058,-0.028443774034743966,0.00879518562817202,-0.010973050406285859,0.02151393693369598,-0.013586220537163657,-0.0033489923071651985,-0.02745026114540931,-0.006689007755132449,0.002803230649256805
2026-03-31,2199.7626953125,46.46842956542969,205.02215576171875,33.404762268066406,74.28157806396484,68.86347961425781,57.345638275146484,600.4591064453125,5.617669105529785,679.25048828125,1430.2041015625,192.0998077392578,648.6688842773438,74.20964050292969,11.294708251953125,168.51620483398438,0.03139685905811975,-0.007419160708853334,-0.018247273971050006,0.0430835746448693,0.01622105609719338,0.02712072653651348,0.0418706956535975,0.009676238375001197,0.025930567136722354,0.01573337527105452,0.0245281747754613,0.030261500564750535,0.028653407820692582,0.013484525427133461,0.024037633002243406,-0.010611848632389785
2026-04-01,2294.75244140625,45.64781188964844,195.61830139160156,33.37601852416992,75.3771743774414,68.24930572509766,61.890602111816406,613.6229248046875,5.493044853210449,693.94580078125,1565.8482666015625,193.91226196289062,653.5562744140625,73.65301513671875,11.229955673217773,159.69607543945312,0.04227548024667012,-0.01781747436299419,-0.04695273156447099,-0.0008608388620355179,0.014641521031368048,-0.008958726866676682,0.07627155824985574,0.021686070484084836,-0.022434108118536182,0.02140389344038396,0.09061053808560218,0.009390729903377333,0.007506248903134024,-0.007528986858641285,-0.005749498179069243,-0.05375943595158966
2026-04-02,2288.753173828125,46.58707046508789,197.1641387939453,35.07212448120117,,71.22570037841797,61.5151481628418,618.7393798828125,5.895676612854004,699.4216918945312,1554.9571533203125,195.39608764648438,654.144775390625,75.96896362304688,11.775727272033691,159.60667419433594,-0.0026177653122596792,0.02036737122889959,0.007871255053297645,0.049569006790686425,,0.04268645217115991,-0.006084888371850505,0.008303539399739967,0.07073658496785172,0.00785997855327144,-0.006979709421350656,0.00762291828759082,0.0009000543608632609,0.030959802707704317,0.04745558050751319,-0.0005599779366503515
2026-04-06,,46.942996978759766,197.0551300048828,34.95713424682617,,71.5564193725586,,633.7511596679688,5.924435615539551,692.7410888671875,,197.5869598388672,657.23681640625,76.07830047607422,11.895981788635254,162.2686004638672,,0.007610990594771851,-0.0005530363453465856,-0.0032840655409440552,,0.0046325070135722225,,0.02397223484471457,0.004866122906262658,-0.009597518911005713,,0.01115007328965339,0.00471570863127598,0.0014381958468146798,0.010160276200861063,0.016540487375283897
2026-04-07,2257.75634765625,46.70571517944336,199.71080017089844,33.519752502441406,78.48469543457031,69.60993957519531,56.565086364746094,623.6174926757812,5.694360733032227,687.4743041992188,1515.8480224609375,197.09898376464844,657.5260009765625,73.91144561767578,11.49821662902832,162.8049774169922,,-0.005067497494020344,0.013386783608415179,-0.04198768307472275,,-0.02757885353958238,,-0.01611919684861142,-0.03960908768935272,-0.0076318671103535836,,-0.002472732210342876,0.00043990379276420265,-0.028895383577381407,-0.034008730668263515,0.003300037138635307
2026-04-08,2288.253173828125,45.3709831237793,191.13931274414062,34.64091110229492,77.28948974609375,72.19894409179688,56.9405403137207,624.4122924804688,5.742292881011963,684.45751953125,1562.3829345703125,202.63592529296875,674.27294921875,76.34666442871094,11.794228553771973,155.16680908203125,0.013417166651548183,-0.02899377543443626,-0.04386777266800658,0.032900493369734746,-0.01534566387690178,0.03651805389204455,0.006615624781239854,0.0012736874096909974,0.008382247158649882,-0.004397870911885926,0.03023714478804704,0.02770483917559425,0.025150689620180074,0.03241664704098765,0.02541835860085668,-0.04805230104502939
2026-04-09,2268.755126953125,45.3808708190918,188.6322784423828,33.366432189941406,79.87908935546875,70.81939697265625,58.728885650634766,619.8123779296875,5.694360733032227,687.5440063476562,1534.8580322265625,202.34713745117188,678.162841796875,75.55149841308594,11.618471145629883,153.99476623535156,-0.008557441450358985,0.00021790618972595898,-0.013203045086938914,-0.03748501502375076,0.03295612903891552,-0.01929248930699203,0.03092412426481765,-0.007394059316473582,-0.008382247158649804,0.0044992545050533215,-0.017774288333494512,-0.0014261726838097394,0.005752440641581351,-0.010469820890362915,-0.015014134384430774,-0.007582109519110016
2026-04-10,2193.76318359375,45.91476058959961,186.83871459960938,32.906471252441406,76.09429931640625,69.78947448730469,55.63633346557617,609.7283935546875,5.483458518981934,670.7777709960938,1449.313232421875,200.72389221191406,677.7140502929688,74.060546875,11.405712127685547,151.4818115234375,-0.033612861013154256,0.01169597818465459,-0.009553747256904896,-0.013881037321329179,-0.04854075669234392,-0.014649728630739565,-0.05409522781796378,-0.01640321445562684,-0.0377403215414249,-0.02468794537515055,-0.057348078192607684,-0.008054431578084949,-0.000661994496571573,-0.019931562244605096,-0.018481878081526387,-0.016453054560155677
2026-04-13,2245.2578125,45.91476058959961,190.03939819335938,33.385597229003906,77.38909149169922,71.06507110595703,57.10850524902344,615.6595458984375,5.598496437072754,678.3245849609375,1480.6004638671875,200.57452392578125,684.3369750976562,75.98883819580078,11.525967597961426,151.61094665527344,0.023201935301479334,0.0,0.016985653652016083,0.014455253259209232,0.016872482229993466,0.0181127486800569,0.026116591714159643,0.00968052397339494,0.020762049818300574,0.011188020911910871,0.021357912903041384,-0.0007444250314683156,0.00972500571340668,0.025703503982055932,0.010488248055786104,0.000852116298823413
2026-04-14,2231.25927734375,45.64781188964844,185.32260131835938,32.733985900878906,77.48869323730469,68.4949722290039,56.84173583984375,607.6023559570312,5.473872184753418,677.1497192382812,1471.887451171875,201.9687042236328,692.675537109375,73.10633850097656,11.155952453613281,148.23387145996094,-0.006254228680511905,-0.0058309732695952556,-0.02513331222680772,-0.01971072392611255,0.0012861981401752019,-0.036835607309131824,-0.004682217325726849,-0.013173477322529043,-0.022511807479823377,-0.0017335127832804214,-0.005902166741805514,0.006926887722643322,0.012111239170364246,-0.03867139065944285,-0.03262933399807697,-0.02252643898076281
2026-04-15,2251.257080078125,45.59838104248047,183.23175048828125,34.00846481323242,77.38909149169922,70.38475036621094,57.14802932739258,607.1254272460938,5.646428108215332,675.6165161132812,1500.204345703125,197.56704711914062,698.1414184570312,73.51386260986328,11.636971473693848,148.0054168701172,0.008922638006942155,-0.0010834611377213612,-0.011346349601160061,0.0381955963589083,-0.0012861981401751056,0.02721628112577382,0.005374065369117999,-0.0007852438085944755,0.031036891173104413,-0.0022667682581512566,0.01905577171661734,-0.022034749996954078,0.007859998349511583,0.005558922375336769,0.04221401797789829,-0.0015423655411854844
2026-04-16,2216.260986328125,47.091304779052734,186.4423370361328,33.68265914916992,76.04449462890625,71.46192169189453,57.286354064941406,603.5389404296875,5.617669105529785,669.822021484375,1482.382568359375,195.03758239746094,699.8569946289062,73.57349395751953,11.683223724365234,150.9553985595703,-0.015667226893230874,0.03221615963408532,0.01737025873449569,-0.009626319106940773,-0.01752720924586607,0.015188118504343352,0.002417539218863031,-0.005924841605571641,-0.005106324036382173,-0.008613593699495473,-0.0119506924453126,-0.012885735578397648,0.0024543333053888188,0.0008108290517267818,0.003966717338874738,0.019735545837719155
2026-04-17,2255.256591796875,44.08568572998047,182.32009887695312,35.58000183105469,77.18989562988281,72.25563049316406,56.999820709228516,588.3384399414062,5.780639171600342,662.3449096679688,1480.40234375,195.60520935058594,708.3152465820312,74.75631713867188,11.997736930847168,145.45274353027344,0.017442218853770793,-0.06595322892838469,-0.022358079219841093,0.05480059408309455,0.014949938223640512,0.011045510569542923,-0.005014324027354727,-0.025508202331524746,0.028597431924923183,-0.01122560568037782,-0.0013367321374869923,0.0029061196807321304,0.012013237341879625,0.01594889449297383,0.026564099790338188,-0.03713317228242087
2026-04-20,2239.25830078125,44.60969161987305,181.58680725097656,35.42668151855469,75.54649353027344,73.19107055664062,57.40491485595703,577.4993896484375,5.809398174285889,654.1011352539062,1461.1944580078125,194.97781372070312,706.8988037109375,76.42618560791016,12.071739196777344,146.6843719482422,-0.00711905910443799,0.011815993172210522,-0.0040301110318373586,-0.004318482248248856,-0.02152028777036307,0.012863171937781054,0.0070818019507071185,-0.018594974939143458,0.0049627211460592955,-0.01252445127811161,-0.013059681551505907,-0.0032126136182564443,-0.0020017372548961723,0.022091662091997488,0.0061490743473872084,0.00843190166391323
2026-04-21,2144.7685546875,45.39075469970703,184.2920379638672,33.90305709838867,77.9866943359375,71.77373504638672,54.6087760925293,568.2301025390625,5.5793232917785645,608.4520874023438,1416.8377685546875,186.39358520507812,702.2708129882812,74.16988372802734,11.599969863891602,147.35980224609375,-0.04311304866759893,0.017357307020434056,0.014787846012421432,-0.04396006123855751,0.031789951630725344,-0.019554824618083895,-0.04993532019828407,-0.016180938719376405,-0.0404094858741796,-0.07234381009721855,-0.030826758385608298,-0.04502528877606056,-0.006568417750443915,-0.029967192902649323,-0.039864617085593405,0.004594081740594729
2026-04-22,2112.77197265625,45.845550537109375,184.6289520263672,33.213111877441406,75.84529876708984,72.066650390625,54.213558197021484,551.8175048828125,5.2821431159973145,587.0363159179688,1408.718994140625,180.15956115722656,709.3825073242188,75.51173400878906,11.535218238830566,148.4921112060547,-0.015030830230779776,0.009969706757712974,0.0018264840727672726,-0.02056045619067995,-0.02784250348589289,0.004072788712923961,-0.007263575730339365,-0.02930906227202432,-0.05473558661701367,-0.035831485569681396,-0.005746688131977208,-0.03401757842531284,0.010075780503951338,0.017929873408207758,-0.0055976890139287595,0.007654603112211498
2026-04-23,2080.0,45.82577896118164,185.8973388671875,33.44309616088867,77.83729553222656,72.57688903808594,53.68989944458008,526.34423828125,5.224623680114746,585.0848999023438,1393.0753173828125,178.5562286376953,706.6295776367188,76.73431396484375,11.636971473693848,149.51516723632812,-0.015632922701772176,-0.0004313579031200745,0.006846433446064625,0.006900638450534056,0.02592497012514655,0.007055147653416758,-0.009706136856008393,-0.04726194043484601,-0.010949136234574034,-0.0033297201556251616,-0.01116701483752912,-0.008939351108904989,-0.0038882904816336587,0.016060925757078643,0.008782414622921895,0.006866007130415139
2026-04-24,2020.5,45.72690963745117,183.52902221679688,34.10429000854492,78.88308715820312,75.1658935546875,52.069522857666016,510.1105651855469,5.310902118682861,572.5899047851562,1306.1441650390625,173.53712463378906,712.10546875,77.89726257324219,11.988486289978027,147.90609741210938,-0.029022888176835245,-0.002159835252866048,-0.01282176555474312,0.019577810604900873,0.013346153588890838,0.03505104657486417,-0.030645087889387333,-0.031327947380012676,0.016378939035614316,-0.021587202714885557,-0.06443435034010543,-0.028512006657162883,0.00771943756437638,0.015041824721812374,0.02975948758369737,-0.01082024531729966
2026-04-27,2036.0,45.450077056884766,183.10292053222656,34.48759078979492,77.6878890991211,76.15802001953125,51.91143798828125,510.01116943359375,5.416353225708008,572.7592163085938,1332.48095703125,172.66079711914062,713.332275390625,79.25899505615234,12.312249183654785,147.19094848632812,0.007642093151884982,-0.006072440892716643,-0.002324412178730639,0.011176389003348774,-0.015267469154857775,0.013112807584218875,-0.00304065263289239,-0.00019487037457304395,0.019661041062030912,0.00029565050787161434,0.019963174328345254,-0.005062591836993178,0.0017213055408080294,0.01733009660952548,0.026647922058785446,-0.0048468823104791305
2026-04-28,2046.5,45.82577896118164,186.6504364013672,34.60258102416992,80.22769165039062,77.36747741699219,51.782989501953125,508.95806884765625,5.387593746185303,575.2880859375,1329.9066162109375,174.95123291015625,709.8612060546875,80.61078643798828,12.33074951171875,149.5449676513672,0.00514391826204424,0.008232276145582735,0.019189141401438167,0.003328703273787525,0.0321693599252046,0.015756111378384435,-0.0024774436801571465,-0.0020669926457403615,-0.005323896447673951,0.004405521817983658,-0.0019338594038534275,0.013178306508158204,-0.0048778697536611924,0.016911558730300032,0.0015014675582513666,0.015866421426324682
2026-04-29,2001.0,46.27069091796875,190.47540283203125,34.76548385620117,82.0204849243164,76.74385070800781,51.51622009277344,506.4942321777344,5.301315784454346,569.9017333984375,1324.7581787109375,172.07322692871094,709.7515258789062,80.56109619140625,12.1642427444458,153.62725830078125,-0.022483961348724324,0.009661942928459035,0.0202855238071359,0.004696776010049385,0.022100294515560615,-0.008093241691700242,-0.005164996001048883,-0.004852697664753678,-0.01614380499836242,-0.009406985931135975,-0.0038787902447844106,-0.016587141832863868,-0.0001545212627813887,-0.000616611872316283,-0.013595377390095156,0.02693213329552853
2026-04-30,2042.5,46.84413146972656,191.55551147460938,34.96672058105469,81.8212890625,78.37850952148438,52.38569259643555,514.6011352539062,5.349247932434082,576.9407348632812,1342.382080078125,175.33963012695312,716.8132934570312,80.83940887451172,12.358500480651855,153.28955078125,0.020527492150424643,0.012317003602413983,0.005654576528224706,0.005771717246641696,-0.0024315649802232673,0.021076514344946475,0.01673680065141036,0.015879169916954167,0.00900092668558442,0.012275600271001967,0.013215771326065062,0.01880471252594558,0.009900461815238022,0.0034487247588116834,0.01584339874582988,-0.0022006462065732465
2026-05-01,2034.5,45.885101318359375,188.89984130859375,35.46500778198242,,80.44781494140625,,509.43499755859375,5.5218048095703125,565.6505126953125,,173.2682647705078,718.7982177734375,82.48938751220703,12.451004981994629,151.72019958496094,-0.003924459292413299,-0.020685264357711636,-0.013960709340890536,0.014149745468638873,,0.0260589360805905,,-0.010089842258269045,0.03174878745554796,-0.01976312993617574,,-0.011883779822279185,0.002765268411019866,0.020205068631493135,0.007457216764240571,-0.01029058935598965
2026-05-04,,46.40910720825195,190.53485107421875,35.51292419433594,82.41888427734375,80.21159362792969,52.148563385009766,514.780029296875,5.502631187438965,564.5154418945312,1374.4613037109375,172.18276977539062,716.1649780273438,82.7677001953125,12.377001762390137,152.65386962890625,,0.01135524165069883,0.0086181886802463,0.0013501779580934509,,-0.00294064923810498,,0.01043741816295905,-0.0034783895463966702,-0.0020086805443393194,,-0.006284529263054676,-0.003670118801040342,0.003368242174529016,-0.005961287148041028,0.006135036239211539
2026-05-05,2077.0,45.974082946777344,190.89158630371094,36.50950622558594,84.56028747558594,83.2352294921875,52.642581939697266,505.61993408203125,5.703947067260742,556.1522216796875,1421.1942138671875,172.15289306640625,721.9102172851562,86.09749603271484,13.08003044128418,153.83584594726562,,-0.009417892501319853,0.0018705328134011577,0.027675979176027654,0.025650152438945445,0.03700262622529958,0.009428701499967001,-0.01795441319814896,0.035932027576789725,-0.014925701431201255,0.033435638621839306,-0.0001735324701065211,0.007990221711526798,0.039442437903358905,0.05524661939142199,0.007713029951827262
2026-05-06,2089.5,44.1252326965332,183.47947692871094,36.12620544433594,81.37308502197266,81.0430908203125,55.29051971435547,510.915283203125,5.53139066696167,557.1478881835938,1427.332763671875,176.00685119628906,731.9443359375,82.06198120117188,12.599010467529297,147.6875762939453,0.006000258011857712,-0.04104603469580181,-0.03960283702974693,-0.010554156638041818,-0.03842017372444358,-0.026689690947562784,0.04907612527445007,0.010418521522646789,-0.030719142369849597,0.0017886763156552896,0.004309988534820656,0.022139926391258908,0.013803688898871048,-0.04800549888185456,-0.037468396791269475,-0.04078702695568466
2026-05-07,2001.0,43.314510345458984,180.84361267089844,36.52867126464844,79.92888641357422,85.21005249023438,54.243202209472656,509.0773010253906,5.617669105529785,549.8500366210938,1328.322509765625,176.0466766357422,729.7001342773438,84.17913818359375,13.033778190612793,145.591796875,-0.04327774730423661,-0.018544098040023167,-0.014470179495489973,0.01107895175645555,-0.017907247975701656,0.05013841519562721,-0.019123780420314124,-0.003603916725466247,0.015477567201500295,-0.013185132735858383,-0.07189062708116474,0.00022624650216262495,-0.003070792479857851,0.025472295462349522,0.03392603346241964,-0.014292277506208002
2026-05-08,1934.800048828125,42.849822998046875,179.9716033935547,37.86064529418945,81.22369384765625,86.57069396972656,52.524017333984375,503.2156982421875,5.675188064575195,547.112060546875,1206.341796875,175.3595428466797,735.724609375,83.90082550048828,13.033778190612793,143.59535217285156,-0.033643068398124046,-0.010786176474126977,-0.0048335598736976935,0.0358147235227909,0.016069681236780955,0.015841937629854842,-0.03220714165777285,-0.011580971714599889,0.01018687398323393,-0.004991935030417717,-0.0963244034974306,-0.0039107712198941475,0.008222201875465084,-0.003311672984261861,0.0,-0.013807504425191987
2026-05-11,1923.5,43.719871520996094,183.06329345703125,36.55742263793945,81.32328796386719,84.76595306396484,50.69615173339844,508.9183654785156,5.5793232917785645,545.8078002929688,1173.8663330078125,177.8690948486328,737.4002685546875,84.63636016845703,12.599010467529297,148.6708984375,-0.0058575439932595395,0.020101210324751314,0.017032879408753747,-0.0350279425296107,0.0012254195994781047,-0.021067386190596164,-0.03542053299489738,0.011268719799594807,-0.017036206786431078,-0.0023867456705437386,-0.027289612929023082,0.014209460723414448,0.002274973327095926,0.008728510979767363,-0.033926033462419784,0.034735838167074796
2026-05-12,1926.0,43.89783477783203,184.26229858398438,36.92155838012695,81.5224838256836,83.52815246582031,49.396881103515625,517.6114501953125,5.58890962600708,555.8535766601562,1150.5,178.14793395996094,736.2831420898438,83.00625610351562,12.423254013061523,149.614501953125,0.0012988701657209686,0.0040622725493159135,0.00652831935095986,0.009911371062908353,0.0024464370057289916,-0.014710234977169112,-0.02596271837769149,0.016937243124652116,0.001716715017212998,0.018238008578926324,-0.02010622838948455,0.0015664372531701044,-0.0015161013155970994,-0.01944798380728681,-0.014048236529444116,0.006326871258440463
2026-05-13,1928.5,43.64077377319336,184.31185913085938,35.63749694824219,80.07829284667969,80.60844421386719,49.243736267089844,516.558349609375,5.3684210777282715,549.382080078125,1121.5999755859375,177.3711700439453,740.4025268554688,81.63457489013672,12.182744026184082,150.5481719970703,0.0012971852902115713,-0.005873105542835805,0.00026893121037545385,-0.035397249784301824,-0.017874040680698006,-0.03558031936568472,-0.0031051095087632273,-0.0020366112994970403,-0.04025037138864767,-0.011710752366258258,-0.025440414962269255,-0.004369751967055769,0.0055792448425891535,-0.01666309557875917,-0.019549513606971717,0.0062211136575871665
2026-05-14,1923.0,43.62099838256836,184.946044921875,35.52250671386719,,80.79742431640625,49.2585563659668,517.0252685546875,5.2821431159973145,546.2459106445312,1143.199951171875,174.95123291015625,746.2474975585938,82.22102355957031,12.201244354248047,151.75,-0.002856032059502719,-0.0004532429373137006,0.0034349239791623483,-0.003231881072152295,,0.0023416768004176367,0.00030090871171867153,0.0009034953125595512,-0.016201930245578956,-0.005724895723108679,0.01907508939070973,-0.013737276820697458,0.007863317827570018,0.007158146307723086,0.0015174163738236753,0.007951317250508043
2026-05-15,1850.5,44.349998474121094,189.36557006835938,35.12961959838867,80.57628631591797,79.9186782836914,48.403907775878906,512.6539306640625,5.2437968254089355,538.3207397460938,1120.0,170.46990966796875,737.2706298828125,81.62464141845703,12.228996276855469,157.9199981689453,-0.03843059376256912,0.016574025655054687,0.023615246535738505,-0.01112184971189956,,-0.010935491535064078,-0.017502536212928976,-0.008490730230606102,-0.007286087597442907,-0.01461470709300591,-0.020502619614720708,-0.025948467740427535,-0.012102281834028297,-0.007279835874983669,0.0022719329673158307,0.039854134150739316
2026-05-18,1880.5,45.689998626708984,194.33999633789062,36.1645393371582,81.5224838256836,80.5801010131836,49.327720642089844,524.8739013671875,5.272556304931641,547.5899658203125,1172.0,175.22012329101562,736.751953125,81.37615203857422,12.478755950927734,160.49000549316406,0.016081826084180507,0.02976675116826993,0.025929803562209405,0.02903442459028499,0.011674465581706421,0.008242137127087022,0.018905658220765016,0.023557027438853236,0.005469491345908865,0.017072216269903854,0.04538300584781775,0.027484232610668333,-0.0007037568965346505,-0.0030489369666175325,0.02021779879820446,0.01614310547017116
2026-05-19,1902.0,46.13999938964844,197.25,35.87705993652344,81.771484375,78.70922088623047,50.32069778442383,523.204833984375,5.291728973388672,553.9022216796875,1207.0,173.7661895751953,731.8446044921875,79.9845962524414,12.377001762390137,162.5500030517578,0.011368265194944539,0.009800813998884026,0.014862776158518089,-0.007980970146953984,0.0030497236983389286,-0.02349141976942613,0.019930271380928635,-0.003185006502794375,0.003629718244381749,0.011461406682752492,0.029426250960573525,-0.008332373358136943,-0.006683070135583305,-0.017248188294704037,-0.008187620603080526,0.012753995963667452
2026-05-20,1926.0,45.130001068115234,191.3300018310547,37.3144416809082,82.16988372802734,81.89349365234375,51.535980224609375,519.191162109375,5.3684210777282715,549.7504272460938,1233.5999755859375,174.12469482421875,739.3452758789062,81.18729400634766,13.089280128479004,156.27999877929688,0.012539349252735173,-0.022133002010924444,-0.03047226425893331,0.03928233588343586,0.0048602758644191385,0.039659231549613407,0.023863729632733265,-0.007700896253480963,0.014388808252731358,-0.007523769408256084,0.021798761920626627,0.002061021958350918,0.010196829759483024,0.014924687879496367,0.05595353045469624,-0.03933640314831609
2026-05-21,1953.0,44.869998931884766,191.00999450683594,36.83531188964844,83.01648712158203,80.41947174072266,50.73567199707031,519.3897705078125,5.272556304931641,549.1630249023438,1209.4000244140625,175.25,740.8114624023438,80.12374877929688,12.478755950927734,155.2899932861328,0.013921338518608014,-0.005777841323202184,-0.001673941528522606,-0.012923480840107592,0.010250371164560332,-0.018163212426418593,-0.01565095598907381,0.00038246109594550573,-0.018018526497113056,-0.0010690603496503826,-0.019812314992124602,0.006441846440996277,0.001981123978379707,-0.013186457909476,-0.04776590985161578,-0.006354969029154711
2026-05-22,1993.5,44.36000061035156,191.42999267578125,35.57041931152344,78.78349304199219,78.9170913696289,51.69406509399414,529.7718505859375,5.17669153213501,553.1455078125,1227.199951171875,177.00999450683594,743.7239990234375,79.72615814208984,12.34000015258789,154.9199981689453,0.020525235944730852,-0.011431219942010042,0.0021964143492781327,-0.03494257306960168,-0.052335732331868834,-0.0188585076452295,0.018713726958009536,0.019791839064989557,-0.018349160440203405,0.0072257450968183055,0.014610722798719961,0.009992671205293131,0.003923840734942977,-0.0049745597575917505,-0.011181643710758466,-0.0023854505195197427
2026-05-25,,,,,,,51.39765548706055,,,,1243.5999755859375,,,,,,,,,,,,-0.0057504215091657785,,,,0.013275267728080435,,,,,
2026-05-26,1990.0,42.650001525878906,184.7100067138672,35.04337692260742,77.58829498291016,78.16118621826172,52.00035858154297,529.43408203125,5.109586238861084,554.3601684570312,1237.199951171875,178.97000122070312,748.6613159179688,79.86531066894531,12.25,149.80999755859375,,,,,,,0.01165805602795123,,,,-0.005159657208558475,,,,,
2026-05-27,1965.5,41.650001525878906,182.39999389648438,33.979713439941406,75.24769592285156,75.9879379272461,51.03208541870117,527.6854858398438,5.0041351318359375,548.9241333007812,1232.800048828125,176.58999633789062,748.5316162109375,77.2313003540039,11.989999771118164,147.89999389648438,-0.012387972856623115,-0.02372590446585056,-0.01258501976140623,-0.03082295177615622,-0.030631293768117407,-0.028198568207180225,-0.01879605359205175,-0.003308230855482409,-0.0208538330652035,-0.009854357825798877,-0.003562677730871025,-0.013387560162918392,-0.00017325717290322425,-0.03353677930025404,-0.021452987040707475,-0.012831479783707153
2026-05-28,2019.0,41.59000015258789,183.02999877929688,33.098121643066406,70.66609954833984,72.57688903808594,53.768943786621094,533.716064453125,4.831578731536865,556.8392333984375,1284.0,178.9600067138672,752.6609497070312,74.1500015258789,11.489999771118164,146.9600067138672,0.02685567345092258,-0.0014416478249186938,0.0034480229844815018,-0.02628715018132573,-0.06281932348242895,-0.04592807786335392,0.05224148669177347,0.01136354757657117,-0.035091323214435324,0.01431632756818108,0.04069216063650215,0.013331714010782649,0.005501418012009892,-0.0407147306979534,-0.042595878009454614,-0.006375841857032786
2026-05-29,2023.0,41.869998931884766,182.4600067138672,33.222694396972656,71.06449890136719,72.93595123291016,53.768943786621094,527.0,4.937029838562012,561.2100219726562,1293.4000244140625,179.66000366210938,754.5361328125,74.51000213623047,11.470000267028809,145.25999450683594,0.0019792188549079626,0.006709797097095708,-0.0031190594487492933,0.003756675742196139,0.005621939181923475,0.004935137310483862,0.0,-0.012663434501288467,0.021590629334580336,0.007818637361674997,0.007294223638465108,0.0039038414867199186,0.0024883063996868804,0.004843284073808454,-0.0017421175186664087,-0.011635284229926917
2026-06-01,1921.0,42.939998626708984,185.8300018310547,33.395179748535156,71.41310119628906,74.70288848876953,51.8422737121582,516.5,5.052067756652832,539.219970703125,1207.0,174.41000366210938,756.5908203125,76.38999938964844,11.609999656677246,149.3800048828125,-0.051735674399188865,0.025234205948232516,0.01830127942523915,0.00517836209017148,0.004893442763103911,0.023937083592346475,-0.03649013618585014,-0.020125259981669065,0.023033713122096195,-0.03997160961482751,-0.06913648679084014,-0.029657325906908137,0.0027194125046700462,0.024918416327305806,0.012131811716595432,0.02796822525417102
2026-06-02,1908.5,43.400001525878906,187.5500030517578,33.232276916503906,71.6123046875,74.20210266113281,51.713829040527344,513.4299926757812,5.023307800292969,536.5900268554688,1190.0,174.25999450683594,757.6182250976562,75.04000091552734,11.609999656677246,149.55999755859375,-0.006528290583272173,0.010655715795850042,0.009213205660653541,-0.004889970735596556,0.0027855697215228045,-0.00672627172325885,-0.0024806792469942657,-0.005961602125509124,-0.005708975176213305,-0.004889244555501,-0.014184634991956413,-0.0008604649973716503,0.0013570186308611517,-0.01783047266483425,0.0,0.001204206168877272
2026-06-03,1900.0,43.68000030517578,189.7100067138672,33.021461486816406,70.44999694824219,73.67296600341797,50.26141357421875,512.030029296875,5.0041351318359375,526.0599975585938,1200.4000244140625,172.5500030517578,752.3018798828125,75.55000305175781,11.449999809265137,152.52999877929688,-0.004463707030752556,0.006430862158415849,0.011451132955014254,-0.006363901758795762,-0.016363717352287175,-0.007156566970574133,-0.028487575070330364,-0.002730412144118206,-0.0038240440660277514,-0.019819081978345775,0.008701547798909422,-0.009861338050099443,-0.007041918531282929,0.006773412214136704,-0.013877052796321178,0.019663656223817935
2026-06-04,1916.0,44.040000915527344,188.35000610351562,32.733985900878906,68.75,74.164306640625,50.64674758911133,519.0499877929688,5.042481422424316,545.1699829101562,1190.199951171875,179.41000366210938,755.1445922851562,75.08000183105469,11.399999618530273,152.0399932861328,0.008385793376273964,0.008207994219745385,-0.007194659211383583,-0.008743835801495984,-0.024426458479940762,0.0066470713036870495,0.0076373582368050134,0.013616919831162462,0.0076337096365822945,0.035682371249488316,-0.008533535718876491,0.03898664261301524,0.0037715644628917525,-0.006240493006273798,-0.0043763914039894,-0.003217690046316716
2026-06-05,1930.5,42.970001220703125,187.30999755859375,33.701820373535156,69.44999694824219,76.60211944580078,51.23957061767578,523.760009765625,5.167105197906494,544.4000244140625,1209.800048828125,180.99000549316406,735.65478515625,75.95999908447266,11.5600004196167,149.9199981689453,0.007539357173485241,-0.024596106447852095,-0.005536981269469712,0.029137990552638767,0.010130288711873875,0.03234175351294057,0.011637081976735528,0.00903338865683618,0.024414302029399863,-0.0014133256588990792,0.016333777847698502,0.00876810162817841,-0.026148277086187284,0.011652637784972775,0.013937577605060644,-0.014041793685921993
2026-06-08,1953.5,43.720001220703125,189.24000549316406,33.548500061035156,69.0,76.93283081054688,50.77519226074219,520.0700073242188,5.090413570404053,540.8099975585938,1199.800048828125,178.66000366210938,737.3204345703125,76.12000274658203,11.579999923706055,151.75,0.011843598790834296,0.017303465034101153,0.01025109451668711,-0.004559698069761116,-0.0065005206612952495,0.004307968650203185,-0.009104203183636809,-0.007070150794673751,-0.01495352985483967,-0.006616304455421722,-0.008300180117427615,-0.012957232700090637,0.002261613232488794,0.0021042046188843233,0.0017285660131724798,0.01213262366304086
2026-06-09,1933.5,42.66999816894531,186.75999450683594,34.75590133666992,69.0,76.74385070800781,51.407535552978516,530.1300048828125,5.099999904632568,548.6699829101562,1207.199951171875,181.55999755859375,735.1560668945312,76.20999908447266,11.8100004196167,148.91000366210938,-0.010290803447773488,-0.02430963694135301,-0.013191739100669004,0.03535722538201706,0.0,-0.0024594518300608934,0.012376873821567685,0.0191588367152776,0.0018814422162216607,0.01442912556912469,0.006148671090339782,0.016101585370097503,-0.002939767435847424,0.0011815971545946038,0.019667200183471293,-0.018892308744724293
2026-06-10,1940.0,42.95000076293945,189.8000030517578,34.76548385620117,70.0999984741211,78.05724334716797,51.69406509399414,525.02001953125,5.179999828338623,542.1400146484375,1197.199951171875,177.41000366210938,723.56591796875,76.45999908447266,11.920000076293945,150.6199951171875,0.0033561410100221545,0.0065406119057813935,0.016146561564857925,0.0002756711353017476,0.015816267676110763,0.01696918440181014,0.005558212033195985,-0.009685874393591587,0.0155645021013456,-0.011972839048868218,-0.00831813181294538,-0.023122705426810372,-0.015891160823072677,0.0032750406295199846,0.009271002297805553,0.011417955060233222
2026-06-11,1942.5,42.68000030517578,185.82000732421875,35.58000183105469,70.80000305175781,78.01000213623047,53.06743621826172,548.6799926757812,5.150000095367432,552.52001953125,1220.0,184.2100067138672,735.8642578125,76.16999816894531,11.880000114440918,146.60000610351562,0.0012878301844286859,-0.0063062326098218355,-0.021192399625805665,0.023158682334865507,0.009936271530227053,-0.0006053956066696452,0.026220506399665906,0.044078985956330724,-0.005808289938536708,0.01896536949319623,0.018865402534029106,0.03761298889631128,0.016854017638559635,-0.003800055948684841,-0.0033613444701297694,-0.027052245168762618
2026-06-12,1911.0,42.779998779296875,187.22000122070312,39.06999969482422,70.3499984741211,82.01000213623047,52.84019088745117,540.3300170898438,5.559999942779541,550.3300170898438,1205.5999755859375,183.52999877929688,739.843994140625,79.05000305175781,12.329999923706055,147.00999450683594,-0.01634913800152941,0.0023402415359488698,0.00750589983492197,0.09357116755525892,-0.0063762819330201925,0.050004166112453154,-0.004291394033984639,-0.015335284615802074,0.07660136477744907,-0.003971537828862905,-0.01187351066556629,-0.0036983123918019004,0.005393675844766619,0.03711294191524906,0.03717898742101219,0.002792743223599141
2026-06-15,1820.5,41.59000015258789,180.39999389648438,39.43000030517578,70.30000305175781,81.41000366210938,51.37789535522461,530.3599853515625,5.440000057220459,544.72998046875,1150.199951171875,183.63999938964844,752.890380859375,78.75,12.170000076293945,140.9199981689453,-0.04851547662478486,-0.02821091769614392,-0.037107828668464536,0.009172054373241948,-0.0007109196434633563,-0.007343056527316178,-0.028064063695752338,-0.018624102018888637,-0.02181902658472355,-0.010227906145495307,-0.04704155023393925,0.0005991808382555736,0.017480295410686308,-0.00380232455514981,-0.013061397720131528,-0.04230823383049192
2026-06-16,1860.5,41.150001525878906,180.11000061035156,39.41999816894531,69.5,81.97000122070312,51.081485748291016,535.9500122070312,5.519999980926514,551.2100219726562,1145.5999755859375,186.77000427246094,748.4019775390625,78.5199966430664,12.109999656677246,141.86000061035156,0.02173408017118901,-0.01063579321970537,-0.0016087950575503556,-0.0002537003545383912,-0.011445089656367003,0.006855180987593097,-0.005785911073122875,0.010484902287248032,0.014598785447344208,0.011825678425790126,-0.004007301932573626,0.01690062014364517,-0.005979403902405487,-0.0029249510500759524,-0.0049423840538043145,0.006648319596971846
2026-06-17,1865.0,40.13999938964844,177.5800018310547,38.849998474121094,68.55000305175781,81.44999694824219,51.68418884277344,532.3200073242188,5.570000171661377,550.1500244140625,1170.199951171875,192.5800018310547,739.0560302734375,78.04000091552734,11.720000267028809,140.74000549316406,0.0024157842912387413,-0.024850636041352594,-0.014146556822402746,-0.01456521773718906,-0.013763302043710558,-0.006364043976825097,0.011729792214355522,-0.006796069884746133,0.009017227924448553,-0.0019248889395669876,0.021246136732604455,0.030633725119123108,-0.012566499634242041,-0.0061317991692422255,-0.032734722281754905,-0.007926404507449285
2026-06-18,1840.0,39.099998474121094,173.6300048828125,40.93000030517578,68.8499984741211,84.48999786376953,51.1802864074707,510.95001220703125,5.849999904632568,521.5,1178.5999755859375,185.60000610351562,746.739990234375,80.58000183105469,11.90999984741211,137.80999755859375,-0.013495481474884621,-0.02625090019633905,-0.022494595437348126,0.05215526042285989,0.00436675248526162,0.03664386130074116,-0.009797482851064252,-0.04097306408014825,0.04904656018352912,-0.05348173825219527,0.007152640061525391,-0.03691780808273799,0.010343315448328203,0.03202897500021537,0.016081563622568695,-0.021038348397671342
