date,ticker,price,category
2025-11-03,KC=F,406.6499938964844,control_crop
2025-11-04,KC=F,405.25,control_crop
2025-11-05,KC=F,413.6000061035156,control_crop
2025-11-06,KC=F,396.75,control_crop
2025-11-07,KC=F,407.79998779296875,control_crop
2025-11-10,KC=F,414.75,control_crop
2025-11-11,KC=F,422.70001220703125,control_crop
2025-11-12,KC=F,403.6499938964844,control_crop
2025-11-13,KC=F,401.70001220703125,control_crop
2025-11-14,KC=F,399.79998779296875,control_crop
2025-11-17,KC=F,402.54998779296875,control_crop
2025-11-18,KC=F,415.3500061035156,control_crop
2025-11-19,KC=F,404.5,control_crop
2025-11-20,KC=F,406.5,control_crop
2025-11-21,KC=F,400.0,control_crop
2025-11-24,KC=F,407.45001220703125,control_crop
2025-11-25,KC=F,414.20001220703125,control_crop
2025-11-26,KC=F,411.5,control_crop
2025-11-28,KC=F,413.0,control_crop
2025-12-01,KC=F,411.5,control_crop
2025-12-02,KC=F,405.54998779296875,control_crop
2025-12-03,KC=F,403.75,control_crop
2025-12-04,KC=F,411.95001220703125,control_crop
2025-12-05,KC=F,406.25,control_crop
2025-12-08,KC=F,396.04998779296875,control_crop
2025-12-09,KC=F,394.20001220703125,control_crop
2025-12-10,KC=F,400.79998779296875,control_crop
2025-12-11,KC=F,405.45001220703125,control_crop
2025-12-12,KC=F,397.20001220703125,control_crop
2025-12-15,KC=F,387.70001220703125,control_crop
2025-12-16,KC=F,379.29998779296875,control_crop
2025-12-17,KC=F,351.8999938964844,control_crop
2025-12-18,KC=F,345.45001220703125,control_crop
2025-12-19,KC=F,340.6499938964844,control_crop
2025-12-22,KC=F,347.3500061035156,control_crop
2025-12-23,KC=F,346.95001220703125,control_crop
2025-12-24,KC=F,345.1499938964844,control_crop
2025-12-26,KC=F,350.25,control_crop
2025-12-29,KC=F,352.1499938964844,control_crop
2025-12-30,KC=F,350.20001220703125,control_crop
2025-12-31,KC=F,348.75,control_crop
2026-01-02,KC=F,357.29998779296875,control_crop
2026-01-05,KC=F,359.3500061035156,control_crop
2026-01-06,KC=F,373.8500061035156,control_crop
2026-01-07,KC=F,375.45001220703125,control_crop
2026-01-08,KC=F,372.3500061035156,control_crop
2026-01-09,KC=F,357.6499938964844,control_crop
2026-01-12,KC=F,356.04998779296875,control_crop
2026-01-13,KC=F,360.25,control_crop
2026-01-14,KC=F,356.0,control_crop
2026-01-15,KC=F,358.1000061035156,control_crop
2026-01-16,KC=F,355.29998779296875,control_crop
2026-01-20,KC=F,346.5,control_crop
2026-01-21,KC=F,347.5,control_crop
2026-01-22,KC=F,347.70001220703125,control_crop
2026-01-23,KC=F,350.8999938964844,control_crop
2026-01-26,KC=F,356.25,control_crop
2026-01-27,KC=F,367.25,control_crop
2026-01-28,KC=F,351.0,control_crop
2026-01-29,KC=F,345.5,control_crop
2026-01-30,KC=F,332.25,control_crop
2026-02-02,KC=F,333.25,control_crop
2026-02-03,KC=F,317.1000061035156,control_crop
2026-02-04,KC=F,308.6499938964844,control_crop
2026-02-05,KC=F,308.3999938964844,control_crop
2026-02-06,KC=F,296.54998779296875,control_crop
2026-02-09,KC=F,299.8500061035156,control_crop
2026-02-10,KC=F,294.20001220703125,control_crop
2026-02-11,KC=F,294.79998779296875,control_crop
2026-02-12,KC=F,299.6499938964844,control_crop
2026-02-13,KC=F,300.04998779296875,control_crop
2026-02-17,KC=F,284.6000061035156,control_crop
2026-02-18,KC=F,287.54998779296875,control_crop
2026-02-19,KC=F,287.3999938964844,control_crop
2026-02-20,KC=F,288.29998779296875,control_crop
2026-02-23,KC=F,281.1499938964844,control_crop
2026-02-24,KC=F,288.25,control_crop
2026-02-25,KC=F,288.29998779296875,control_crop
2026-02-26,KC=F,286.0,control_crop
2026-02-27,KC=F,284.6000061035156,control_crop
2026-03-02,KC=F,288.3500061035156,control_crop
2026-03-03,KC=F,286.95001220703125,control_crop
2026-03-04,KC=F,290.70001220703125,control_crop
2026-03-05,KC=F,293.0,control_crop
2026-03-06,KC=F,297.6000061035156,control_crop
2026-03-09,KC=F,301.75,control_crop
2026-03-10,KC=F,300.54998779296875,control_crop
2026-03-11,KC=F,292.0,control_crop
2026-03-12,KC=F,296.5,control_crop
2026-03-13,KC=F,290.3500061035156,control_crop
2026-03-16,KC=F,297.75,control_crop
2026-03-17,KC=F,302.04998779296875,control_crop
2026-03-18,KC=F,299.70001220703125,control_crop
2026-03-19,KC=F,306.20001220703125,control_crop
2026-03-20,KC=F,309.75,control_crop
2026-03-23,KC=F,307.0,control_crop
2026-03-24,KC=F,317.8500061035156,control_crop
2026-03-25,KC=F,316.1000061035156,control_crop
2026-03-26,KC=F,307.6499938964844,control_crop
2026-03-27,KC=F,301.70001220703125,control_crop
2026-03-30,KC=F,292.54998779296875,control_crop
2026-03-31,KC=F,298.3500061035156,control_crop
2026-04-01,KC=F,297.79998779296875,control_crop
2026-04-02,KC=F,295.3999938964844,control_crop
2026-04-06,KC=F,298.04998779296875,control_crop
2026-04-07,KC=F,286.1000061035156,control_crop
2026-04-08,KC=F,294.04998779296875,control_crop
2026-04-09,KC=F,293.70001220703125,control_crop
2026-04-10,KC=F,300.1000061035156,control_crop
2026-04-13,KC=F,300.8500061035156,control_crop
2026-04-14,KC=F,302.6499938964844,control_crop
2026-04-15,KC=F,304.25,control_crop
2026-04-16,KC=F,296.45001220703125,control_crop
2026-04-17,KC=F,289.29998779296875,control_crop
2026-04-20,KC=F,292.20001220703125,control_crop
2026-04-21,KC=F,289.0,control_crop
2026-04-22,KC=F,302.3999938964844,control_crop
2026-04-23,KC=F,316.3500061035156,control_crop
2026-04-24,KC=F,309.79998779296875,control_crop
2026-04-27,KC=F,304.1000061035156,control_crop
2026-04-28,KC=F,306.3999938964844,control_crop
2026-04-29,KC=F,305.25,control_crop
2026-04-30,KC=F,300.8999938964844,control_crop
2026-05-01,KC=F,302.0,control_crop
2026-05-04,KC=F,302.20001220703125,control_crop
2026-05-05,KC=F,305.8500061035156,control_crop
2026-05-06,KC=F,299.45001220703125,control_crop
2026-05-07,KC=F,291.04998779296875,control_crop
2026-05-08,KC=F,289.70001220703125,control_crop
2026-05-11,KC=F,298.6000061035156,control_crop
2026-05-12,KC=F,294.79998779296875,control_crop
2026-05-13,KC=F,296.25,control_crop
2026-05-14,KC=F,294.45001220703125,control_crop
2026-05-15,KC=F,284.6000061035156,control_crop
2026-05-18,KC=F,276.20001220703125,control_crop
2026-05-19,KC=F,270.1499938964844,control_crop
2026-05-20,KC=F,268.29998779296875,control_crop
2026-05-21,KC=F,273.3999938964844,control_crop
2026-05-22,KC=F,272.3500061035156,control_crop
2026-05-26,KC=F,274.0,control_crop
2026-05-27,KC=F,269.8500061035156,control_crop
2026-05-28,KC=F,274.25,control_crop
2026-05-29,KC=F,265.6000061035156,control_crop
2026-06-01,KC=F,260.6000061035156,control_crop
2026-06-02,KC=F,259.20001220703125,control_crop
2026-06-03,KC=F,253.10000610351562,control_crop
2026-06-04,KC=F,247.14999389648438,control_crop
2026-06-05,KC=F,246.5,control_crop
2026-06-08,KC=F,245.89999389648438,control_crop
2026-06-09,KC=F,244.39999389648438,control_crop
2026-06-10,KC=F,248.39999389648438,control_crop
2026-06-11,KC=F,253.9499969482422,control_crop
2026-06-12,KC=F,257.20001220703125,control_crop
2026-06-15,KC=F,262.95001220703125,control_crop
2026-06-16,KC=F,277.25,control_crop
2026-06-17,KC=F,277.8500061035156,control_crop
2026-06-18,KC=F,275.1000061035156,control_crop
2025-11-03,CF,83.12458801269531,fertilizer
2025-11-04,CF,83.262451171875,fertilizer
2025-11-05,CF,83.75483703613281,fertilizer
2025-11-06,CF,80.20966339111328,fertilizer
2025-11-07,CF,80.78082275390625,fertilizer
2025-11-10,CF,81.58833312988281,fertilizer
2025-11-11,CF,82.40570068359375,fertilizer
2025-11-12,CF,83.45940399169922,fertilizer
2025-11-13,CF,83.04580688476562,fertilizer
2025-11-14,CF,84.2444839477539,fertilizer
2025-11-17,CF,79.9351806640625,fertilizer
2025-11-18,CF,80.37105560302734,fertilizer
2025-11-19,CF,77.98361206054688,fertilizer
2025-11-20,CF,77.06230926513672,fertilizer
2025-11-21,CF,77.80529022216797,fertilizer
2025-11-24,CF,76.93352508544922,fertilizer
2025-11-25,CF,76.95333862304688,fertilizer
2025-11-26,CF,77.676513671875,fertilizer
2025-11-28,CF,77.96379089355469,fertilizer
2025-12-01,CF,79.05350494384766,fertilizer
2025-12-02,CF,78.23126983642578,fertilizer
2025-12-03,CF,78.54827880859375,fertilizer
2025-12-04,CF,79.47948455810547,fertilizer
2025-12-05,CF,77.15145874023438,fertilizer
2025-12-08,CF,76.53726959228516,fertilizer
2025-12-09,CF,75.98249816894531,fertilizer
2025-12-10,CF,75.37820434570312,fertilizer
2025-12-11,CF,77.92417907714844,fertilizer
2025-12-12,CF,78.44921112060547,fertilizer
2025-12-15,CF,78.0133285522461,fertilizer
2025-12-16,CF,76.82455444335938,fertilizer
2025-12-17,CF,78.2708969116211,fertilizer
2025-12-18,CF,77.55763244628906,fertilizer
2025-12-19,CF,77.96379089355469,fertilizer
2025-12-22,CF,76.70567321777344,fertilizer
2025-12-23,CF,77.4090347290039,fertilizer
2025-12-24,CF,76.8443603515625,fertilizer
2025-12-26,CF,76.72547912597656,fertilizer
2025-12-29,CF,76.92362213134766,fertilizer
2025-12-30,CF,76.21035766601562,fertilizer
2025-12-31,CF,76.61651611328125,fertilizer
2026-01-02,CF,79.38041687011719,fertilizer
2026-01-05,CF,79.50920867919922,fertilizer
2026-01-06,CF,78.70677185058594,fertilizer
2026-01-07,CF,76.7651138305664,fertilizer
2026-01-08,CF,80.56919860839844,fertilizer
2026-01-09,CF,81.82731628417969,fertilizer
2026-01-12,CF,80.03424072265625,fertilizer
2026-01-13,CF,82.09478759765625,fertilizer
2026-01-14,CF,84.25439453125,fertilizer
2026-01-15,CF,85.7898941040039,fertilizer
2026-01-16,CF,85.93849182128906,fertilizer
2026-01-20,CF,87.59286499023438,fertilizer
2026-01-21,CF,91.00069427490234,fertilizer
2026-01-22,CF,88.39529418945312,fertilizer
2026-01-23,CF,91.51582336425781,fertilizer
2026-01-26,CF,90.79265594482422,fertilizer
2026-01-27,CF,90.8818130493164,fertilizer
2026-01-28,CF,92.29843139648438,fertilizer
2026-01-29,CF,93.15038299560547,fertilizer
2026-01-30,CF,92.35787963867188,fertilizer
2026-02-02,CF,88.99958038330078,fertilizer
2026-02-03,CF,91.63470458984375,fertilizer
2026-02-04,CF,93.81411743164062,fertilizer
2026-02-05,CF,90.46573638916016,fertilizer
2026-02-06,CF,91.77339172363281,fertilizer
2026-02-09,CF,94.0518798828125,fertilizer
2026-02-10,CF,95.4090576171875,fertilizer
2026-02-11,CF,96.02326202392578,fertilizer
2026-02-12,CF,93.2791748046875,fertilizer
2026-02-13,CF,94.27510833740234,fertilizer
2026-02-17,CF,93.40864562988281,fertilizer
2026-02-18,CF,95.43038940429688,fertilizer
2026-02-19,CF,99.05558776855469,fertilizer
2026-02-20,CF,96.78485870361328,fertilizer
2026-02-23,CF,95.0618896484375,fertilizer
2026-02-24,CF,95.7192153930664,fertilizer
2026-02-25,CF,95.74909210205078,fertilizer
2026-02-26,CF,96.76494598388672,fertilizer
2026-02-27,CF,99.13526916503906,fertilizer
2026-03-02,CF,103.87591552734375,fertilizer
2026-03-03,CF,105.86778259277344,fertilizer
2026-03-04,CF,104.28424072265625,fertilizer
2026-03-05,CF,110.32955932617188,fertilizer
2026-03-06,CF,115.30923461914062,fertilizer
2026-03-09,CF,110.58850860595703,fertilizer
2026-03-10,CF,109.60253143310547,fertilizer
2026-03-11,CF,119.64154052734375,fertilizer
2026-03-12,CF,135.447021484375,fertilizer
2026-03-13,CF,129.0431671142578,fertilizer
2026-03-16,CF,121.83260345458984,fertilizer
2026-03-17,CF,122.7886962890625,fertilizer
2026-03-18,CF,126.21471405029297,fertilizer
2026-03-19,CF,125.0494613647461,fertilizer
2026-03-20,CF,124.39215087890625,fertilizer
2026-03-23,CF,119.69134521484375,fertilizer
2026-03-24,CF,126.40393829345703,fertilizer
2026-03-25,CF,127.58909606933594,fertilizer
2026-03-26,CF,132.02099609375,fertilizer
2026-03-27,CF,135.8951873779297,fertilizer
2026-03-30,CF,137.04051208496094,fertilizer
2026-03-31,CF,129.3120574951172,fertilizer
2026-04-01,CF,127.45963287353516,fertilizer
2026-04-02,CF,129.44154357910156,fertilizer
2026-04-06,CF,130.44741821289062,fertilizer
2026-04-07,CF,133.2360382080078,fertilizer
2026-04-08,CF,125.64703369140625,fertilizer
2026-04-09,CF,118.89459228515625,fertilizer
2026-04-10,CF,120.82670593261719,fertilizer
2026-04-13,CF,121.18524169921875,fertilizer
2026-04-14,CF,118.47630310058594,fertilizer
2026-04-15,CF,120.31877899169922,fertilizer
2026-04-16,CF,124.20291900634766,fertilizer
2026-04-17,CF,112.22183990478516,fertilizer
2026-04-20,CF,115.46858215332031,fertilizer
2026-04-21,CF,120.81674194335938,fertilizer
2026-04-22,CF,121.96207427978516,fertilizer
2026-04-23,CF,125.07933807373047,fertilizer
2026-04-24,CF,120.43829345703125,fertilizer
2026-04-27,CF,123.12731170654297,fertilizer
2026-04-28,CF,121.81267547607422,fertilizer
2026-04-29,CF,126.2645034790039,fertilizer
2026-04-30,CF,123.69499206542969,fertilizer
2026-05-01,CF,122.1911392211914,fertilizer
2026-05-04,CF,125.37812805175781,fertilizer
2026-05-05,CF,127.51937866210938,fertilizer
2026-05-06,CF,119.2730484008789,fertilizer
2026-05-07,CF,118.19744110107422,fertilizer
2026-05-08,CF,114.55232238769531,fertilizer
2026-05-11,CF,123.97386169433594,fertilizer
2026-05-12,CF,129.85983276367188,fertilizer
2026-05-13,CF,124.98970794677734,fertilizer
2026-05-14,CF,122.47000122070312,fertilizer
2026-05-15,CF,125.23999786376953,fertilizer
2026-05-18,CF,125.22000122070312,fertilizer
2026-05-19,CF,127.86000061035156,fertilizer
2026-05-20,CF,123.30000305175781,fertilizer
2026-05-21,CF,121.69000244140625,fertilizer
2026-05-22,CF,121.69999694824219,fertilizer
2026-05-26,CF,119.16000366210938,fertilizer
2026-05-27,CF,116.33999633789062,fertilizer
2026-05-28,CF,116.5,fertilizer
2026-05-29,CF,112.3499984741211,fertilizer
2026-06-01,CF,113.30000305175781,fertilizer
2026-06-02,CF,113.4800033569336,fertilizer
2026-06-03,CF,116.5999984741211,fertilizer
2026-06-04,CF,117.5199966430664,fertilizer
2026-06-05,CF,113.48999786376953,fertilizer
2026-06-08,CF,109.44999694824219,fertilizer
2026-06-09,CF,108.58000183105469,fertilizer
2026-06-10,CF,109.26000213623047,fertilizer
2026-06-11,CF,106.55999755859375,fertilizer
2026-06-12,CF,109.4800033569336,fertilizer
2026-06-15,CF,106.9000015258789,fertilizer
2026-06-16,CF,105.58999633789062,fertilizer
2026-06-17,CF,105.8499984741211,fertilizer
2026-06-18,CF,102.93000030517578,fertilizer
2025-11-03,MOS,26.51683235168457,fertilizer
2025-11-04,MOS,25.826189041137695,fertilizer
2025-11-05,MOS,25.505186080932617,fertilizer
2025-11-06,MOS,24.240625381469727,fertilizer
2025-11-07,MOS,24.882633209228516,fertilizer
2025-11-10,MOS,25.18418312072754,fertilizer
2025-11-11,MOS,25.00908851623535,fertilizer
2025-11-12,MOS,24.76590347290039,fertilizer
2025-11-13,MOS,24.853450775146484,fertilizer
2025-11-14,MOS,25.339818954467773,fertilizer
2025-11-17,MOS,23.851531982421875,fertilizer
2025-11-18,MOS,24.007169723510742,fertilizer
2025-11-19,MOS,23.832075119018555,fertilizer
2025-11-20,MOS,23.277616500854492,fertilizer
2025-11-21,MOS,23.511072158813477,fertilizer
2025-11-24,MOS,22.956613540649414,fertilizer
2025-11-25,MOS,23.501344680786133,fertilizer
2025-11-26,MOS,23.598621368408203,fertilizer
2025-11-28,MOS,23.82234764099121,fertilizer
2025-12-01,MOS,24.2795352935791,fertilizer
2025-12-02,MOS,23.715347290039062,fertilizer
2025-12-03,MOS,23.54998207092285,fertilizer
2025-12-04,MOS,23.6579647064209,fertilizer
2025-12-05,MOS,23.176952362060547,fertilizer
2025-12-08,MOS,23.20639991760254,fertilizer
2025-12-09,MOS,23.37328338623047,fertilizer
2025-12-10,MOS,23.31438446044922,fertilizer
2025-12-11,MOS,24.72797203063965,fertilizer
2025-12-12,MOS,25.72926139831543,fertilizer
2025-12-15,MOS,24.40402603149414,fertilizer
2025-12-16,MOS,23.029701232910156,fertilizer
2025-12-17,MOS,23.589248657226562,fertilizer
2025-12-18,MOS,23.520530700683594,fertilizer
2025-12-19,MOS,23.363466262817383,fertilizer
2025-12-22,MOS,23.87392807006836,fertilizer
2025-12-23,MOS,23.844480514526367,fertilizer
2025-12-24,MOS,23.79539680480957,fertilizer
2025-12-26,MOS,23.864112854003906,fertilizer
2025-12-29,MOS,23.618698120117188,fertilizer
2025-12-30,MOS,23.707046508789062,fertilizer
2025-12-31,MOS,23.648147583007812,fertilizer
2026-01-02,MOS,24.56109046936035,fertilizer
2026-01-05,MOS,24.413843154907227,fertilizer
2026-01-06,MOS,24.698522567749023,fertilizer
2026-01-07,MOS,24.835954666137695,fertilizer
2026-01-08,MOS,25.99431037902832,fertilizer
2026-01-09,MOS,25.503482818603516,fertilizer
2026-01-12,MOS,25.24825096130371,fertilizer
2026-01-13,MOS,25.72926139831543,fertilizer
2026-01-14,MOS,27.133033752441406,fertilizer
2026-01-15,MOS,27.074134826660156,fertilizer
2026-01-16,MOS,25.866697311401367,fertilizer
2026-01-20,MOS,26.534223556518555,fertilizer
2026-01-21,MOS,27.142850875854492,fertilizer
2026-01-22,MOS,27.643497467041016,fertilizer
2026-01-23,MOS,28.261943817138672,fertilizer
2026-01-26,MOS,27.810379028320312,fertilizer
2026-01-27,MOS,27.91836166381836,fertilizer
2026-01-28,MOS,27.623863220214844,fertilizer
2026-01-29,MOS,27.525699615478516,fertilizer
2026-01-30,MOS,26.995601654052734,fertilizer
2026-02-02,MOS,26.769821166992188,fertilizer
2026-02-03,MOS,27.79074478149414,fertilizer
2026-02-04,MOS,28.291391372680664,fertilizer
2026-02-05,MOS,27.25083351135254,fertilizer
2026-02-06,MOS,28.075428009033203,fertilizer
2026-02-09,MOS,29.017818450927734,fertilizer
2026-02-10,MOS,29.567548751831055,fertilizer
2026-02-11,MOS,30.568838119506836,fertilizer
2026-02-12,MOS,29.223966598510742,fertilizer
2026-02-13,MOS,29.10616683959961,fertilizer
2026-02-17,MOS,28.546621322631836,fertilizer
2026-02-18,MOS,28.900020599365234,fertilizer
2026-02-19,MOS,29.606813430786133,fertilizer
2026-02-20,MOS,28.89020347595215,fertilizer
2026-02-23,MOS,28.20304298400879,fertilizer
2026-02-24,MOS,27.967443466186523,fertilizer
2026-02-25,MOS,26.485139846801758,fertilizer
2026-02-26,MOS,26.66183853149414,fertilizer
2026-02-27,MOS,27.329364776611328,fertilizer
2026-03-02,MOS,27.00541877746582,fertilizer
2026-03-03,MOS,26.288808822631836,fertilizer
2026-03-04,MOS,25.53293228149414,fertilizer
2026-03-05,MOS,25.7979793548584,fertilizer
2026-03-06,MOS,25.827428817749023,fertilizer
2026-03-09,MOS,26.64907455444336,fertilizer
2026-03-10,MOS,26.213502883911133,fertilizer
2026-03-11,MOS,28.856632232666016,fertilizer
2026-03-12,MOS,31.044391632080078,fertilizer
2026-03-13,MOS,29.01502227783203,fertilizer
2026-03-16,MOS,27.39152717590332,fertilizer
2026-03-17,MOS,28.539852142333984,fertilizer
2026-03-18,MOS,27.50042152404785,fertilizer
2026-03-19,MOS,25.936323165893555,fertilizer
2026-03-20,MOS,23.352588653564453,fertilizer
2026-03-23,MOS,23.837657928466797,fertilizer
2026-03-24,MOS,24.946386337280273,fertilizer
2026-03-25,MOS,25.926422119140625,fertilizer
2026-03-26,MOS,24.748397827148438,fertilizer
2026-03-27,MOS,24.748397827148438,fertilizer
2026-03-30,MOS,24.748397827148438,fertilizer
2026-03-31,MOS,25.243366241455078,fertilizer
2026-04-01,MOS,26.27290153503418,fertilizer
2026-04-02,MOS,25.90662384033203,fertilizer
2026-04-06,MOS,26.243202209472656,fertilizer
2026-04-07,MOS,26.104612350463867,fertilizer
2026-04-08,MOS,26.352094650268555,fertilizer
2026-04-09,MOS,25.015682220458984,fertilizer
2026-04-10,MOS,24.510814666748047,fertilizer
2026-04-13,MOS,24.293027877807617,fertilizer
2026-04-14,MOS,23.699066162109375,fertilizer
2026-04-15,MOS,23.491178512573242,fertilizer
2026-04-16,MOS,24.481115341186523,fertilizer
2026-04-17,MOS,24.322725296020508,fertilizer
2026-04-20,MOS,23.867355346679688,fertilizer
2026-04-21,MOS,23.956449508666992,fertilizer
2026-04-22,MOS,24.273229598999023,fertilizer
2026-04-23,MOS,24.03564453125,fertilizer
2026-04-24,MOS,23.75846290588379,fertilizer
2026-04-27,MOS,22.986310958862305,fertilizer
2026-04-28,MOS,22.956615447998047,fertilizer
2026-04-29,MOS,22.79822540283203,fertilizer
2026-04-30,MOS,23.035810470581055,fertilizer
2026-05-01,MOS,22.917016983032227,fertilizer
2026-05-04,MOS,22.738828659057617,fertilizer
2026-05-05,MOS,23.025909423828125,fertilizer
2026-05-06,MOS,23.32288932800293,fertilizer
2026-05-07,MOS,22.679431915283203,fertilizer
2026-05-08,MOS,21.966678619384766,fertilizer
2026-05-11,MOS,21.57070541381836,fertilizer
2026-05-12,MOS,22.16466522216797,fertilizer
2026-05-13,MOS,22.55074119567871,fertilizer
2026-05-14,MOS,22.45174789428711,fertilizer
2026-05-15,MOS,21.541006088256836,fertilizer
2026-05-18,MOS,21.194528579711914,fertilizer
2026-05-19,MOS,21.184629440307617,fertilizer
2026-05-20,MOS,21.639999389648438,fertilizer
2026-05-21,MOS,21.940000534057617,fertilizer
2026-05-22,MOS,22.510000228881836,fertilizer
2026-05-26,MOS,22.6200008392334,fertilizer
2026-05-27,MOS,23.719999313354492,fertilizer
2026-05-28,MOS,24.059999465942383,fertilizer
2026-05-29,MOS,23.899999618530273,fertilizer
2026-06-01,MOS,23.329999923706055,fertilizer
2026-06-02,MOS,23.299999237060547,fertilizer
2026-06-03,MOS,23.299999237060547,fertilizer
2026-06-04,MOS,22.899999618530273,fertilizer
2026-06-05,MOS,22.239999771118164,fertilizer
2026-06-08,MOS,21.3799991607666,fertilizer
2026-06-09,MOS,21.280000686645508,fertilizer
2026-06-10,MOS,19.81999969482422,fertilizer
2026-06-11,MOS,21.09000015258789,fertilizer
2026-06-12,MOS,22.690000534057617,fertilizer
2026-06-15,MOS,22.520000457763672,fertilizer
2026-06-16,MOS,21.690000534057617,fertilizer
2026-06-17,MOS,22.510000228881836,fertilizer
2026-06-18,MOS,22.899999618530273,fertilizer
2025-11-03,NTR,54.138206481933594,fertilizer
2025-11-04,NTR,53.25460433959961,fertilizer
2025-11-05,NTR,53.61201858520508,fertilizer
2025-11-06,NTR,55.19059371948242,fertilizer
2025-11-07,NTR,56.4713249206543,fertilizer
2025-11-10,NTR,58.51652145385742,fertilizer
2025-11-11,NTR,58.903724670410156,fertilizer
2025-11-12,NTR,59.697975158691406,fertilizer
2025-11-13,NTR,58.447025299072266,fertilizer
2025-11-14,NTR,58.94343185424805,fertilizer
2025-11-17,NTR,56.580535888671875,fertilizer
2025-11-18,NTR,56.908164978027344,fertilizer
2025-11-19,NTR,55.53807830810547,fertilizer
2025-11-20,NTR,54.66440200805664,fertilizer
2025-11-21,NTR,55.78628158569336,fertilizer
2025-11-24,NTR,55.82599639892578,fertilizer
2025-11-25,NTR,56.42168426513672,fertilizer
2025-11-26,NTR,56.98759078979492,fertilizer
2025-11-28,NTR,57.75205612182617,fertilizer
2025-12-01,NTR,59.73768615722656,fertilizer
2025-12-02,NTR,58.864009857177734,fertilizer
2025-12-03,NTR,59.638404846191406,fertilizer
2025-12-04,NTR,59.61854934692383,fertilizer
2025-12-05,NTR,59.906463623046875,fertilizer
2025-12-08,NTR,58.695228576660156,fertilizer
2025-12-09,NTR,58.2385368347168,fertilizer
2025-12-10,NTR,58.57609176635742,fertilizer
2025-12-11,NTR,60.56172180175781,fertilizer
2025-12-12,NTR,62.38850402832031,fertilizer
2025-12-15,NTR,61.40561294555664,fertilizer
2025-12-16,NTR,61.40561294555664,fertilizer
2025-12-17,NTR,62.84519577026367,fertilizer
2025-12-18,NTR,61.187198638916016,fertilizer
2025-12-19,NTR,61.83252716064453,fertilizer
2025-12-22,NTR,62.219722747802734,fertilizer
2025-12-23,NTR,63.15297317504883,fertilizer
2025-12-24,NTR,63.083473205566406,fertilizer
2025-12-26,NTR,62.319007873535156,fertilizer
2025-12-29,NTR,62.23957824707031,fertilizer
2025-12-30,NTR,62.031089782714844,fertilizer
2025-12-31,NTR,61.27655029296875,fertilizer
2026-01-02,NTR,62.70620346069336,fertilizer
2026-01-05,NTR,61.66374969482422,fertilizer
2026-01-06,NTR,60.16459655761719,fertilizer
2026-01-07,NTR,58.566165924072266,fertilizer
2026-01-08,NTR,59.37034606933594,fertilizer
2026-01-09,NTR,59.390201568603516,fertilizer
2026-01-12,NTR,58.91365051269531,fertilizer
2026-01-13,NTR,60.88935470581055,fertilizer
2026-01-14,NTR,65.72435760498047,fertilizer
2026-01-15,NTR,67.3426513671875,fertilizer
2026-01-16,NTR,65.90306854248047,fertilizer
2026-01-20,NTR,66.7370376586914,fertilizer
2026-01-21,NTR,68.1865463256836,fertilizer
2026-01-22,NTR,67.61071014404297,fertilizer
2026-01-23,NTR,70.37073516845703,fertilizer
2026-01-26,NTR,69.72541046142578,fertilizer
2026-01-27,NTR,69.81475830078125,fertilizer
2026-01-28,NTR,71.08556365966797,fertilizer
2026-01-29,NTR,70.61893463134766,fertilizer
2026-01-30,NTR,68.39503479003906,fertilizer
2026-02-02,NTR,68.19647216796875,fertilizer
2026-02-03,NTR,69.90411376953125,fertilizer
2026-02-04,NTR,70.98628234863281,fertilizer
2026-02-05,NTR,67.4915771484375,fertilizer
2026-02-06,NTR,68.11705017089844,fertilizer
2026-02-09,NTR,69.57648468017578,fertilizer
2026-02-10,NTR,70.62886810302734,fertilizer
2026-02-11,NTR,72.54499816894531,fertilizer
2026-02-12,NTR,69.9239730834961,fertilizer
2026-02-13,NTR,70.30123901367188,fertilizer
2026-02-17,NTR,69.35806274414062,fertilizer
2026-02-18,NTR,69.7750473022461,fertilizer
2026-02-19,NTR,71.26426696777344,fertilizer
2026-02-20,NTR,70.68843841552734,fertilizer
2026-02-23,NTR,71.39334106445312,fertilizer
2026-02-24,NTR,72.23722839355469,fertilizer
2026-02-25,NTR,72.00888061523438,fertilizer
2026-02-26,NTR,72.60456848144531,fertilizer
2026-02-27,NTR,74.53063201904297,fertilizer
2026-03-02,NTR,75.19581604003906,fertilizer
2026-03-03,NTR,73.88529968261719,fertilizer
2026-03-04,NTR,73.06126403808594,fertilizer
2026-03-05,NTR,73.85551452636719,fertilizer
2026-03-06,NTR,75.66243743896484,fertilizer
2026-03-09,NTR,75.26531219482422,fertilizer
2026-03-10,NTR,75.54329681396484,fertilizer
2026-03-11,NTR,78.74016571044922,fertilizer
2026-03-12,NTR,83.33690643310547,fertilizer
2026-03-13,NTR,82.25473022460938,fertilizer
2026-03-16,NTR,77.23108673095703,fertilizer
2026-03-17,NTR,78.97844696044922,fertilizer
2026-03-18,NTR,77.32044219970703,fertilizer
2026-03-19,NTR,75.50359344482422,fertilizer
2026-03-20,NTR,74.19307708740234,fertilizer
2026-03-23,NTR,72.33650970458984,fertilizer
2026-03-24,NTR,76.26805877685547,fertilizer
2026-03-25,NTR,76.06949615478516,fertilizer
2026-03-26,NTR,73.16055297851562,fertilizer
2026-03-27,NTR,75.1064682006836,fertilizer
2026-03-30,NTR,76.0,fertilizer
2026-03-31,NTR,75.45999908447266,fertilizer
2026-04-01,NTR,74.55999755859375,fertilizer
2026-04-02,NTR,75.47000122070312,fertilizer
2026-04-06,NTR,75.80999755859375,fertilizer
2026-04-07,NTR,76.87999725341797,fertilizer
2026-04-08,NTR,74.87999725341797,fertilizer
2026-04-09,NTR,72.77999877929688,fertilizer
2026-04-10,NTR,73.75,fertilizer
2026-04-13,NTR,74.37999725341797,fertilizer
2026-04-14,NTR,73.62000274658203,fertilizer
2026-04-15,NTR,73.3499984741211,fertilizer
2026-04-16,NTR,74.52999877929688,fertilizer
2026-04-17,NTR,70.62000274658203,fertilizer
2026-04-20,NTR,71.16999816894531,fertilizer
2026-04-21,NTR,72.66999816894531,fertilizer
2026-04-22,NTR,71.55000305175781,fertilizer
2026-04-23,NTR,72.19000244140625,fertilizer
2026-04-24,NTR,71.56999969482422,fertilizer
2026-04-27,NTR,72.37000274658203,fertilizer
2026-04-28,NTR,72.91000366210938,fertilizer
2026-04-29,NTR,74.12999725341797,fertilizer
2026-04-30,NTR,76.0,fertilizer
2026-05-01,NTR,75.22000122070312,fertilizer
2026-05-04,NTR,75.81999969482422,fertilizer
2026-05-05,NTR,77.23999786376953,fertilizer
2026-05-06,NTR,73.80999755859375,fertilizer
2026-05-07,NTR,68.37999725341797,fertilizer
2026-05-08,NTR,68.33000183105469,fertilizer
2026-05-11,NTR,71.29000091552734,fertilizer
2026-05-12,NTR,71.9800033569336,fertilizer
2026-05-13,NTR,71.29000091552734,fertilizer
2026-05-14,NTR,70.94000244140625,fertilizer
2026-05-15,NTR,71.55999755859375,fertilizer
2026-05-18,NTR,71.62000274658203,fertilizer
2026-05-19,NTR,71.58999633789062,fertilizer
2026-05-20,NTR,70.11000061035156,fertilizer
2026-05-21,NTR,70.23999786376953,fertilizer
2026-05-22,NTR,70.12999725341797,fertilizer
2026-05-26,NTR,69.94000244140625,fertilizer
2026-05-27,NTR,68.7300033569336,fertilizer
2026-05-28,NTR,69.6500015258789,fertilizer
2026-05-29,NTR,68.55000305175781,fertilizer
2026-06-01,NTR,69.56999969482422,fertilizer
2026-06-02,NTR,68.5,fertilizer
2026-06-03,NTR,68.80999755859375,fertilizer
2026-06-04,NTR,69.0,fertilizer
2026-06-05,NTR,67.19999694824219,fertilizer
2026-06-08,NTR,67.27999877929688,fertilizer
2026-06-09,NTR,66.3499984741211,fertilizer
2026-06-10,NTR,65.02999877929688,fertilizer
2026-06-11,NTR,65.55999755859375,fertilizer
2026-06-12,NTR,67.62000274658203,fertilizer
2026-06-15,NTR,66.12999725341797,fertilizer
2026-06-16,NTR,65.4800033569336,fertilizer
2026-06-17,NTR,64.27999877929688,fertilizer
2026-06-18,NTR,62.86000061035156,fertilizer
2025-11-03,ZC=F,434.25,grain
2025-11-04,ZC=F,431.5,grain
2025-11-05,ZC=F,435.25,grain
2025-11-06,ZC=F,428.75,grain
2025-11-07,ZC=F,427.25,grain
2025-11-10,ZC=F,429.75,grain
2025-11-11,ZC=F,432.0,grain
2025-11-12,ZC=F,435.25,grain
2025-11-13,ZC=F,441.5,grain
2025-11-14,ZC=F,430.25,grain
2025-11-17,ZC=F,434.75,grain
2025-11-18,ZC=F,436.75,grain
2025-11-19,ZC=F,429.75,grain
2025-11-20,ZC=F,426.5,grain
2025-11-21,ZC=F,425.5,grain
2025-11-24,ZC=F,423.75,grain
2025-11-25,ZC=F,423.5,grain
2025-11-26,ZC=F,431.75,grain
2025-11-28,ZC=F,435.5,grain
2025-12-01,ZC=F,432.75,grain
2025-12-02,ZC=F,438.0,grain
2025-12-03,ZC=F,431.5,grain
2025-12-04,ZC=F,437.75,grain
2025-12-05,ZC=F,436.75,grain
2025-12-08,ZC=F,436.25,grain
2025-12-09,ZC=F,440.75,grain
2025-12-10,ZC=F,434.75,grain
2025-12-11,ZC=F,435.25,grain
2025-12-12,ZC=F,431.5,grain
2025-12-15,ZC=F,439.75,grain
2025-12-16,ZC=F,436.5,grain
2025-12-17,ZC=F,440.5,grain
2025-12-18,ZC=F,444.5,grain
2025-12-19,ZC=F,443.75,grain
2025-12-22,ZC=F,447.0,grain
2025-12-23,ZC=F,447.5,grain
2025-12-24,ZC=F,451.0,grain
2025-12-26,ZC=F,450.0,grain
2025-12-29,ZC=F,442.25,grain
2025-12-30,ZC=F,440.5,grain
2025-12-31,ZC=F,440.25,grain
2026-01-02,ZC=F,437.5,grain
2026-01-05,ZC=F,444.5,grain
2026-01-06,ZC=F,444.0,grain
2026-01-07,ZC=F,446.75,grain
2026-01-08,ZC=F,446.0,grain
2026-01-09,ZC=F,445.75,grain
2026-01-12,ZC=F,421.5,grain
2026-01-13,ZC=F,419.75,grain
2026-01-14,ZC=F,422.0,grain
2026-01-15,ZC=F,420.25,grain
2026-01-16,ZC=F,424.75,grain
2026-01-20,ZC=F,423.75,grain
2026-01-21,ZC=F,421.75,grain
2026-01-22,ZC=F,424.0,grain
2026-01-23,ZC=F,430.5,grain
2026-01-26,ZC=F,428.25,grain
2026-01-27,ZC=F,426.5,grain
2026-01-28,ZC=F,430.0,grain
2026-01-29,ZC=F,430.75,grain
2026-01-30,ZC=F,428.25,grain
2026-02-02,ZC=F,425.75,grain
2026-02-03,ZC=F,428.5,grain
2026-02-04,ZC=F,429.5,grain
2026-02-05,ZC=F,435.0,grain
2026-02-06,ZC=F,430.25,grain
2026-02-09,ZC=F,428.75,grain
2026-02-10,ZC=F,428.75,grain
2026-02-11,ZC=F,427.5,grain
2026-02-12,ZC=F,431.25,grain
2026-02-13,ZC=F,431.75,grain
2026-02-17,ZC=F,426.25,grain
2026-02-18,ZC=F,427.0,grain
2026-02-19,ZC=F,425.75,grain
2026-02-20,ZC=F,427.5,grain
2026-02-23,ZC=F,427.5,grain
2026-02-24,ZC=F,427.75,grain
2026-02-25,ZC=F,430.5,grain
2026-02-26,ZC=F,433.25,grain
2026-02-27,ZC=F,438.75,grain
2026-03-02,ZC=F,433.25,grain
2026-03-03,ZC=F,434.25,grain
2026-03-04,ZC=F,431.75,grain
2026-03-05,ZC=F,441.5,grain
2026-03-06,ZC=F,447.0,grain
2026-03-09,ZC=F,437.5,grain
2026-03-10,ZC=F,436.25,grain
2026-03-11,ZC=F,444.25,grain
2026-03-12,ZC=F,448.25,grain
2026-03-13,ZC=F,452.5,grain
2026-03-16,ZC=F,454.0,grain
2026-03-17,ZC=F,454.0,grain
2026-03-18,ZC=F,463.25,grain
2026-03-19,ZC=F,469.75,grain
2026-03-20,ZC=F,465.5,grain
2026-03-23,ZC=F,459.5,grain
2026-03-24,ZC=F,462.5,grain
2026-03-25,ZC=F,467.25,grain
2026-03-26,ZC=F,467.0,grain
2026-03-27,ZC=F,462.0,grain
2026-03-30,ZC=F,455.75,grain
2026-03-31,ZC=F,457.75,grain
2026-04-01,ZC=F,454.25,grain
2026-04-02,ZC=F,452.25,grain
2026-04-06,ZC=F,454.0,grain
2026-04-07,ZC=F,449.0,grain
2026-04-08,ZC=F,447.25,grain
2026-04-09,ZC=F,444.0,grain
2026-04-10,ZC=F,441.0,grain
2026-04-13,ZC=F,440.25,grain
2026-04-14,ZC=F,443.0,grain
2026-04-15,ZC=F,451.25,grain
2026-04-16,ZC=F,448.5,grain
2026-04-17,ZC=F,448.75,grain
2026-04-20,ZC=F,452.0,grain
2026-04-21,ZC=F,453.75,grain
2026-04-22,ZC=F,454.25,grain
2026-04-23,ZC=F,455.5,grain
2026-04-24,ZC=F,455.0,grain
2026-04-27,ZC=F,460.75,grain
2026-04-28,ZC=F,465.25,grain
2026-04-29,ZC=F,466.5,grain
2026-04-30,ZC=F,464.75,grain
2026-05-01,ZC=F,468.25,grain
2026-05-04,ZC=F,473.75,grain
2026-05-05,ZC=F,465.5,grain
2026-05-06,ZC=F,452.75,grain
2026-05-07,ZC=F,452.75,grain
2026-05-08,ZC=F,456.25,grain
2026-05-11,ZC=F,460.75,grain
2026-05-12,ZC=F,467.25,grain
2026-05-13,ZC=F,466.5,grain
2026-05-14,ZC=F,451.5,grain
2026-05-15,ZC=F,455.75,grain
2026-05-18,ZC=F,477.0,grain
2026-05-19,ZC=F,475.25,grain
2026-05-20,ZC=F,465.75,grain
2026-05-21,ZC=F,462.25,grain
2026-05-22,ZC=F,463.25,grain
2026-05-26,ZC=F,457.5,grain
2026-05-27,ZC=F,452.5,grain
2026-05-28,ZC=F,455.75,grain
2026-05-29,ZC=F,446.75,grain
2026-06-01,ZC=F,444.0,grain
2026-06-02,ZC=F,440.5,grain
2026-06-03,ZC=F,431.5,grain
2026-06-04,ZC=F,424.5,grain
2026-06-05,ZC=F,417.5,grain
2026-06-08,ZC=F,418.75,grain
2026-06-09,ZC=F,419.5,grain
2026-06-10,ZC=F,419.0,grain
2026-06-11,ZC=F,411.75,grain
2026-06-12,ZC=F,412.75,grain
2026-06-15,ZC=F,415.5,grain
2026-06-16,ZC=F,413.75,grain
2026-06-17,ZC=F,421.0,grain
2026-06-18,ZC=F,417.5,grain
2025-11-03,ZS=F,1119.75,grain
2025-11-04,ZS=F,1108.25,grain
2025-11-05,ZS=F,1119.75,grain
2025-11-06,ZS=F,1091.75,grain
2025-11-07,ZS=F,1101.75,grain
2025-11-10,ZS=F,1116.0,grain
2025-11-11,ZS=F,1113.25,grain
2025-11-12,ZS=F,1120.5,grain
2025-11-13,ZS=F,1132.0,grain
2025-11-14,ZS=F,1112.75,grain
2025-11-17,ZS=F,1157.25,grain
2025-11-18,ZS=F,1153.5,grain
2025-11-19,ZS=F,1136.25,grain
2025-11-20,ZS=F,1122.5,grain
2025-11-21,ZS=F,1125.0,grain
2025-11-24,ZS=F,1123.25,grain
2025-11-25,ZS=F,1124.75,grain
2025-11-26,ZS=F,1131.5,grain
2025-11-28,ZS=F,1137.75,grain
2025-12-01,ZS=F,1128.0,grain
2025-12-02,ZS=F,1124.75,grain
2025-12-03,ZS=F,1115.75,grain
2025-12-04,ZS=F,1119.5,grain
2025-12-05,ZS=F,1105.25,grain
2025-12-08,ZS=F,1093.75,grain
2025-12-09,ZS=F,1087.25,grain
2025-12-10,ZS=F,1091.25,grain
2025-12-11,ZS=F,1093.5,grain
2025-12-12,ZS=F,1076.75,grain
2025-12-15,ZS=F,1071.75,grain
2025-12-16,ZS=F,1062.75,grain
2025-12-17,ZS=F,1058.25,grain
2025-12-18,ZS=F,1052.25,grain
2025-12-19,ZS=F,1049.25,grain
2025-12-22,ZS=F,1053.25,grain
2025-12-23,ZS=F,1051.5,grain
2025-12-24,ZS=F,1063.25,grain
2025-12-26,ZS=F,1058.75,grain
2025-12-29,ZS=F,1049.5,grain
2025-12-30,ZS=F,1046.25,grain
2025-12-31,ZS=F,1030.5,grain
2026-01-02,ZS=F,1029.5,grain
2026-01-05,ZS=F,1047.25,grain
2026-01-06,ZS=F,1042.0,grain
2026-01-07,ZS=F,1052.75,grain
2026-01-08,ZS=F,1047.0,grain
2026-01-09,ZS=F,1048.5,grain
2026-01-12,ZS=F,1033.0,grain
2026-01-13,ZS=F,1023.25,grain
2026-01-14,ZS=F,1030.5,grain
2026-01-15,ZS=F,1053.0,grain
2026-01-16,ZS=F,1057.75,grain
2026-01-20,ZS=F,1053.0,grain
2026-01-21,ZS=F,1064.5,grain
2026-01-22,ZS=F,1064.0,grain
2026-01-23,ZS=F,1067.75,grain
2026-01-26,ZS=F,1061.75,grain
2026-01-27,ZS=F,1067.25,grain
2026-01-28,ZS=F,1075.0,grain
2026-01-29,ZS=F,1072.25,grain
2026-01-30,ZS=F,1064.25,grain
2026-02-02,ZS=F,1060.25,grain
2026-02-03,ZS=F,1065.75,grain
2026-02-04,ZS=F,1092.25,grain
2026-02-05,ZS=F,1112.25,grain
2026-02-06,ZS=F,1115.25,grain
2026-02-09,ZS=F,1110.75,grain
2026-02-10,ZS=F,1122.5,grain
2026-02-11,ZS=F,1124.0,grain
2026-02-12,ZS=F,1137.25,grain
2026-02-13,ZS=F,1133.0,grain
2026-02-17,ZS=F,1134.0,grain
2026-02-18,ZS=F,1133.5,grain
2026-02-19,ZS=F,1141.0,grain
2026-02-20,ZS=F,1137.5,grain
2026-02-23,ZS=F,1134.25,grain
2026-02-24,ZS=F,1139.5,grain
2026-02-25,ZS=F,1148.25,grain
2026-02-26,ZS=F,1147.75,grain
2026-02-27,ZS=F,1157.25,grain
2026-03-02,ZS=F,1150.0,grain
2026-03-03,ZS=F,1155.75,grain
2026-03-04,ZS=F,1154.5,grain
2026-03-05,ZS=F,1163.75,grain
2026-03-06,ZS=F,1185.0,grain
2026-03-09,ZS=F,1180.5,grain
2026-03-10,ZS=F,1187.25,grain
2026-03-11,ZS=F,1200.5,grain
2026-03-12,ZS=F,1213.0,grain
2026-03-13,ZS=F,1211.0,grain
2026-03-16,ZS=F,1155.25,grain
2026-03-17,ZS=F,1157.0,grain
2026-03-18,ZS=F,1161.75,grain
2026-03-19,ZS=F,1168.5,grain
2026-03-20,ZS=F,1161.25,grain
2026-03-23,ZS=F,1163.5,grain
2026-03-24,ZS=F,1155.0,grain
2026-03-25,ZS=F,1171.75,grain
2026-03-26,ZS=F,1173.75,grain
2026-03-27,ZS=F,1159.25,grain
2026-03-30,ZS=F,1159.75,grain
2026-03-31,ZS=F,1171.0,grain
2026-04-01,ZS=F,1168.5,grain
2026-04-02,ZS=F,1163.5,grain
2026-04-06,ZS=F,1166.75,grain
2026-04-07,ZS=F,1158.25,grain
2026-04-08,ZS=F,1162.0,grain
2026-04-09,ZS=F,1165.25,grain
2026-04-10,ZS=F,1175.75,grain
2026-04-13,ZS=F,1162.25,grain
2026-04-14,ZS=F,1158.0,grain
2026-04-15,ZS=F,1167.0,grain
2026-04-16,ZS=F,1163.75,grain
2026-04-17,ZS=F,1167.25,grain
2026-04-20,ZS=F,1165.75,grain
2026-04-21,ZS=F,1174.5,grain
2026-04-22,ZS=F,1164.5,grain
2026-04-23,ZS=F,1159.75,grain
2026-04-24,ZS=F,1163.75,grain
2026-04-27,ZS=F,1177.25,grain
2026-04-28,ZS=F,1173.0,grain
2026-04-29,ZS=F,1182.25,grain
2026-04-30,ZS=F,1182.0,grain
2026-05-01,ZS=F,1187.75,grain
2026-05-04,ZS=F,1207.5,grain
2026-05-05,ZS=F,1195.75,grain
2026-05-06,ZS=F,1179.0,grain
2026-05-07,ZS=F,1177.0,grain
2026-05-08,ZS=F,1194.25,grain
2026-05-11,ZS=F,1199.75,grain
2026-05-12,ZS=F,1213.5,grain
2026-05-13,ZS=F,1215.25,grain
2026-05-14,ZS=F,1174.5,grain
2026-05-15,ZS=F,1177.0,grain
2026-05-18,ZS=F,1213.0,grain
2026-05-19,ZS=F,1209.5,grain
2026-05-20,ZS=F,1199.75,grain
2026-05-21,ZS=F,1194.25,grain
2026-05-22,ZS=F,1196.5,grain
2026-05-26,ZS=F,1186.0,grain
2026-05-27,ZS=F,1185.25,grain
2026-05-28,ZS=F,1194.5,grain
2026-05-29,ZS=F,1186.75,grain
2026-06-01,ZS=F,1180.75,grain
2026-06-02,ZS=F,1165.25,grain
2026-06-03,ZS=F,1154.0,grain
2026-06-04,ZS=F,1129.5,grain
2026-06-05,ZS=F,1121.5,grain
2026-06-08,ZS=F,1115.75,grain
2026-06-09,ZS=F,1113.75,grain
2026-06-10,ZS=F,1123.0,grain
2026-06-11,ZS=F,1115.0,grain
2026-06-12,ZS=F,1113.5,grain
2026-06-15,ZS=F,1119.25,grain
2026-06-16,ZS=F,1130.0,grain
2026-06-17,ZS=F,1132.0,grain
2026-06-18,ZS=F,1122.75,grain
2025-11-03,ZW=F,543.5,grain
2025-11-04,ZW=F,550.25,grain
2025-11-05,ZW=F,554.75,grain
2025-11-06,ZW=F,535.5,grain
2025-11-07,ZW=F,527.75,grain
2025-11-10,ZW=F,535.75,grain
2025-11-11,ZW=F,536.0,grain
2025-11-12,ZW=F,536.0,grain
2025-11-13,ZW=F,535.75,grain
2025-11-14,ZW=F,527.25,grain
2025-11-17,ZW=F,544.25,grain
2025-11-18,ZW=F,546.5,grain
2025-11-19,ZW=F,536.75,grain
2025-11-20,ZW=F,527.0,grain
2025-11-21,ZW=F,527.0,grain
2025-11-24,ZW=F,522.25,grain
2025-11-25,ZW=F,527.25,grain
2025-11-26,ZW=F,529.0,grain
2025-11-28,ZW=F,531.0,grain
2025-12-01,ZW=F,530.25,grain
2025-12-02,ZW=F,537.75,grain
2025-12-03,ZW=F,537.75,grain
2025-12-04,ZW=F,541.0,grain
2025-12-05,ZW=F,537.5,grain
2025-12-08,ZW=F,536.0,grain
2025-12-09,ZW=F,536.25,grain
2025-12-10,ZW=F,531.25,grain
2025-12-11,ZW=F,534.5,grain
2025-12-12,ZW=F,534.5,grain
2025-12-15,ZW=F,520.75,grain
2025-12-16,ZW=F,509.5,grain
2025-12-17,ZW=F,506.25,grain
2025-12-18,ZW=F,507.75,grain
2025-12-19,ZW=F,509.75,grain
2025-12-22,ZW=F,515.5,grain
2025-12-23,ZW=F,517.0,grain
2025-12-24,ZW=F,521.75,grain
2025-12-26,ZW=F,519.0,grain
2025-12-29,ZW=F,513.0,grain
2025-12-30,ZW=F,510.75,grain
2025-12-31,ZW=F,507.0,grain
2026-01-02,ZW=F,506.5,grain
2026-01-05,ZW=F,512.5,grain
2026-01-06,ZW=F,510.5,grain
2026-01-07,ZW=F,518.0,grain
2026-01-08,ZW=F,518.0,grain
2026-01-09,ZW=F,517.25,grain
2026-01-12,ZW=F,511.25,grain
2026-01-13,ZW=F,510.5,grain
2026-01-14,ZW=F,512.5,grain
2026-01-15,ZW=F,510.5,grain
2026-01-16,ZW=F,518.0,grain
2026-01-20,ZW=F,510.25,grain
2026-01-21,ZW=F,507.75,grain
2026-01-22,ZW=F,515.5,grain
2026-01-23,ZW=F,529.5,grain
2026-01-26,ZW=F,522.5,grain
2026-01-27,ZW=F,523.25,grain
2026-01-28,ZW=F,536.0,grain
2026-01-29,ZW=F,541.5,grain
2026-01-30,ZW=F,538.0,grain
2026-02-02,ZW=F,527.75,grain
2026-02-03,ZW=F,528.75,grain
2026-02-04,ZW=F,526.75,grain
2026-02-05,ZW=F,535.25,grain
2026-02-06,ZW=F,529.75,grain
2026-02-09,ZW=F,528.75,grain
2026-02-10,ZW=F,528.25,grain
2026-02-11,ZW=F,537.25,grain
2026-02-12,ZW=F,552.5,grain
2026-02-13,ZW=F,548.75,grain
2026-02-17,ZW=F,537.75,grain
2026-02-18,ZW=F,547.0,grain
2026-02-19,ZW=F,559.5,grain
2026-02-20,ZW=F,573.5,grain
2026-02-23,ZW=F,569.5,grain
2026-02-24,ZW=F,567.5,grain
2026-02-25,ZW=F,565.75,grain
2026-02-26,ZW=F,571.75,grain
2026-02-27,ZW=F,591.25,grain
2026-03-02,ZW=F,574.5,grain
2026-03-03,ZW=F,572.25,grain
2026-03-04,ZW=F,566.75,grain
2026-03-05,ZW=F,582.75,grain
2026-03-06,ZW=F,611.25,grain
2026-03-09,ZW=F,598.0,grain
2026-03-10,ZW=F,584.75,grain
2026-03-11,ZW=F,588.5,grain
2026-03-12,ZW=F,592.25,grain
2026-03-13,ZW=F,618.5,grain
2026-03-16,ZW=F,597.25,grain
2026-03-17,ZW=F,589.75,grain
2026-03-18,ZW=F,604.25,grain
2026-03-19,ZW=F,608.0,grain
2026-03-20,ZW=F,595.25,grain
2026-03-23,ZW=F,587.75,grain
2026-03-24,ZW=F,590.0,grain
2026-03-25,ZW=F,597.75,grain
2026-03-26,ZW=F,605.0,grain
2026-03-27,ZW=F,605.0,grain
2026-03-30,ZW=F,607.0,grain
2026-03-31,ZW=F,616.25,grain
2026-04-01,ZW=F,597.5,grain
2026-04-02,ZW=F,598.25,grain
2026-04-06,ZW=F,595.25,grain
2026-04-07,ZW=F,598.0,grain
2026-04-08,ZW=F,580.25,grain
2026-04-09,ZW=F,574.5,grain
2026-04-10,ZW=F,571.0,grain
2026-04-13,ZW=F,582.25,grain
2026-04-14,ZW=F,592.0,grain
2026-04-15,ZW=F,593.75,grain
2026-04-16,ZW=F,598.5,grain
2026-04-17,ZW=F,591.25,grain
2026-04-20,ZW=F,597.0,grain
2026-04-21,ZW=F,605.0,grain
2026-04-22,ZW=F,599.25,grain
2026-04-23,ZW=F,610.75,grain
2026-04-24,ZW=F,608.25,grain
2026-04-27,ZW=F,621.5,grain
2026-04-28,ZW=F,649.0,grain
2026-04-29,ZW=F,642.25,grain
2026-04-30,ZW=F,623.75,grain
2026-05-01,ZW=F,624.5,grain
2026-05-04,ZW=F,629.5,grain
2026-05-05,ZW=F,616.5,grain
2026-05-06,ZW=F,606.0,grain
2026-05-07,ZW=F,601.75,grain
2026-05-08,ZW=F,607.5,grain
2026-05-11,ZW=F,622.25,grain
2026-05-12,ZW=F,665.0,grain
2026-05-13,ZW=F,665.0,grain
2026-05-14,ZW=F,647.0,grain
2026-05-15,ZW=F,635.75,grain
2026-05-18,ZW=F,664.5,grain
2026-05-19,ZW=F,667.25,grain
2026-05-20,ZW=F,660.5,grain
2026-05-21,ZW=F,647.5,grain
2026-05-22,ZW=F,646.25,grain
2026-05-26,ZW=F,635.5,grain
2026-05-27,ZW=F,622.5,grain
2026-05-28,ZW=F,624.0,grain
2026-05-29,ZW=F,610.5,grain
2026-06-01,ZW=F,608.75,grain
2026-06-02,ZW=F,603.0,grain
2026-06-03,ZW=F,587.25,grain
2026-06-04,ZW=F,581.75,grain
2026-06-05,ZW=F,580.0,grain
2026-06-08,ZW=F,583.25,grain
2026-06-09,ZW=F,585.25,grain
2026-06-10,ZW=F,587.5,grain
2026-06-11,ZW=F,586.75,grain
2026-06-12,ZW=F,584.5,grain
2026-06-15,ZW=F,589.75,grain
2026-06-16,ZW=F,596.0,grain
2026-06-17,ZW=F,612.75,grain
2026-06-18,ZW=F,605.75,grain
2025-11-03,BDRY,7.920000076293945,grain_shipping
2025-11-04,BDRY,8.180000305175781,grain_shipping
2025-11-05,BDRY,8.300000190734863,grain_shipping
2025-11-06,BDRY,8.5,grain_shipping
2025-11-07,BDRY,8.350000381469727,grain_shipping
2025-11-10,BDRY,8.369999885559082,grain_shipping
2025-11-11,BDRY,8.420000076293945,grain_shipping
2025-11-12,BDRY,8.479999542236328,grain_shipping
2025-11-13,BDRY,8.699999809265137,grain_shipping
2025-11-14,BDRY,8.600000381469727,grain_shipping
2025-11-17,BDRY,8.800000190734863,grain_shipping
2025-11-18,BDRY,8.989999771118164,grain_shipping
2025-11-19,BDRY,8.899999618530273,grain_shipping
2025-11-20,BDRY,8.920000076293945,grain_shipping
2025-11-21,BDRY,8.949999809265137,grain_shipping
2025-11-24,BDRY,9.1899995803833,grain_shipping
2025-11-25,BDRY,9.229999542236328,grain_shipping
2025-11-26,BDRY,9.199999809265137,grain_shipping
2025-11-28,BDRY,8.770000457763672,grain_shipping
2025-12-01,BDRY,9.34000015258789,grain_shipping
2025-12-02,BDRY,9.25,grain_shipping
2025-12-03,BDRY,9.300000190734863,grain_shipping
2025-12-04,BDRY,9.270000457763672,grain_shipping
2025-12-05,BDRY,9.0,grain_shipping
2025-12-08,BDRY,9.25,grain_shipping
2025-12-09,BDRY,8.829999923706055,grain_shipping
2025-12-10,BDRY,9.012999534606934,grain_shipping
2025-12-11,BDRY,8.84000015258789,grain_shipping
2025-12-12,BDRY,8.680000305175781,grain_shipping
2025-12-15,BDRY,8.920000076293945,grain_shipping
2025-12-16,BDRY,8.770000457763672,grain_shipping
2025-12-17,BDRY,8.420000076293945,grain_shipping
2025-12-18,BDRY,8.656000137329102,grain_shipping
2025-12-19,BDRY,8.699999809265137,grain_shipping
2025-12-22,BDRY,8.880000114440918,grain_shipping
2025-12-23,BDRY,8.739999771118164,grain_shipping
2025-12-24,BDRY,8.770000457763672,grain_shipping
2025-12-26,BDRY,8.75,grain_shipping
2025-12-29,BDRY,8.739999771118164,grain_shipping
2025-12-30,BDRY,8.680000305175781,grain_shipping
2025-12-31,BDRY,8.770000457763672,grain_shipping
2026-01-02,BDRY,8.460000038146973,grain_shipping
2026-01-05,BDRY,8.720000267028809,grain_shipping
2026-01-06,BDRY,8.8100004196167,grain_shipping
2026-01-07,BDRY,8.789999961853027,grain_shipping
2026-01-08,BDRY,9.140000343322754,grain_shipping
2026-01-09,BDRY,8.850000381469727,grain_shipping
2026-01-12,BDRY,8.729999542236328,grain_shipping
2026-01-13,BDRY,8.720999717712402,grain_shipping
2026-01-14,BDRY,9.039999961853027,grain_shipping
2026-01-15,BDRY,9.479999542236328,grain_shipping
2026-01-16,BDRY,9.800000190734863,grain_shipping
2026-01-20,BDRY,10.239999771118164,grain_shipping
2026-01-21,BDRY,10.069999694824219,grain_shipping
2026-01-22,BDRY,10.0,grain_shipping
2026-01-23,BDRY,10.359999656677246,grain_shipping
2026-01-26,BDRY,10.979999542236328,grain_shipping
2026-01-27,BDRY,11.260000228881836,grain_shipping
2026-01-28,BDRY,11.010000228881836,grain_shipping
2026-01-29,BDRY,11.479999542236328,grain_shipping
2026-01-30,BDRY,11.529999732971191,grain_shipping
2026-02-02,BDRY,11.199999809265137,grain_shipping
2026-02-03,BDRY,10.550000190734863,grain_shipping
2026-02-04,BDRY,10.850000381469727,grain_shipping
2026-02-05,BDRY,10.710000038146973,grain_shipping
2026-02-06,BDRY,10.649999618530273,grain_shipping
2026-02-09,BDRY,10.949999809265137,grain_shipping
2026-02-10,BDRY,11.180000305175781,grain_shipping
2026-02-11,BDRY,11.4399995803833,grain_shipping
2026-02-12,BDRY,11.300000190734863,grain_shipping
2026-02-13,BDRY,11.489999771118164,grain_shipping
2026-02-17,BDRY,11.680000305175781,grain_shipping
2026-02-18,BDRY,11.760000228881836,grain_shipping
2026-02-19,BDRY,11.65999984741211,grain_shipping
2026-02-20,BDRY,11.729999542236328,grain_shipping
2026-02-23,BDRY,11.770000457763672,grain_shipping
2026-02-24,BDRY,11.869999885559082,grain_shipping
2026-02-25,BDRY,11.680000305175781,grain_shipping
2026-02-26,BDRY,11.90999984741211,grain_shipping
2026-02-27,BDRY,12.069999694824219,grain_shipping
2026-03-02,BDRY,12.220000267028809,grain_shipping
2026-03-03,BDRY,12.5,grain_shipping
2026-03-04,BDRY,11.90999984741211,grain_shipping
2026-03-05,BDRY,11.520000457763672,grain_shipping
2026-03-06,BDRY,10.460000038146973,grain_shipping
2026-03-09,BDRY,10.260000228881836,grain_shipping
2026-03-10,BDRY,10.229999542236328,grain_shipping
2026-03-11,BDRY,10.699999809265137,grain_shipping
2026-03-12,BDRY,10.399999618530273,grain_shipping
2026-03-13,BDRY,10.489999771118164,grain_shipping
2026-03-16,BDRY,10.670000076293945,grain_shipping
2026-03-17,BDRY,10.430000305175781,grain_shipping
2026-03-18,BDRY,10.699999809265137,grain_shipping
2026-03-19,BDRY,10.020000457763672,grain_shipping
2026-03-20,BDRY,10.010000228881836,grain_shipping
2026-03-23,BDRY,9.989999771118164,grain_shipping
2026-03-24,BDRY,9.800000190734863,grain_shipping
2026-03-25,BDRY,10.0,grain_shipping
2026-03-26,BDRY,10.0,grain_shipping
2026-03-27,BDRY,9.930000305175781,grain_shipping
2026-03-30,BDRY,9.9399995803833,grain_shipping
2026-03-31,BDRY,9.970000267028809,grain_shipping
2026-04-01,BDRY,10.324999809265137,grain_shipping
2026-04-02,BDRY,10.449999809265137,grain_shipping
2026-04-06,BDRY,9.9399995803833,grain_shipping
2026-04-07,BDRY,10.4399995803833,grain_shipping
2026-04-08,BDRY,10.600000381469727,grain_shipping
2026-04-09,BDRY,10.300000190734863,grain_shipping
2026-04-10,BDRY,10.699999809265137,grain_shipping
2026-04-13,BDRY,11.0600004196167,grain_shipping
2026-04-14,BDRY,11.420000076293945,grain_shipping
2026-04-15,BDRY,11.399999618530273,grain_shipping
2026-04-16,BDRY,11.130000114440918,grain_shipping
2026-04-17,BDRY,11.4399995803833,grain_shipping
2026-04-20,BDRY,11.303999900817871,grain_shipping
2026-04-21,BDRY,11.350000381469727,grain_shipping
2026-04-22,BDRY,11.399999618530273,grain_shipping
2026-04-23,BDRY,11.34000015258789,grain_shipping
2026-04-24,BDRY,10.899999618530273,grain_shipping
2026-04-27,BDRY,11.270000457763672,grain_shipping
2026-04-28,BDRY,11.449999809265137,grain_shipping
2026-04-29,BDRY,11.850000381469727,grain_shipping
2026-04-30,BDRY,11.720000267028809,grain_shipping
2026-05-01,BDRY,11.729999542236328,grain_shipping
2026-05-04,BDRY,11.789999961853027,grain_shipping
2026-05-05,BDRY,12.180000305175781,grain_shipping
2026-05-06,BDRY,12.109999656677246,grain_shipping
2026-05-07,BDRY,12.100000381469727,grain_shipping
2026-05-08,BDRY,12.105999946594238,grain_shipping
2026-05-11,BDRY,12.649999618530273,grain_shipping
2026-05-12,BDRY,13.289999961853027,grain_shipping
2026-05-13,BDRY,13.329999923706055,grain_shipping
2026-05-14,BDRY,12.949999809265137,grain_shipping
2026-05-15,BDRY,13.180000305175781,grain_shipping
2026-05-18,BDRY,12.850000381469727,grain_shipping
2026-05-19,BDRY,12.649999618530273,grain_shipping
2026-05-20,BDRY,12.109999656677246,grain_shipping
2026-05-21,BDRY,12.5,grain_shipping
2026-05-22,BDRY,12.675000190734863,grain_shipping
2026-05-26,BDRY,12.880000114440918,grain_shipping
2026-05-27,BDRY,12.875,grain_shipping
2026-05-28,BDRY,13.149999618530273,grain_shipping
2026-05-29,BDRY,12.9399995803833,grain_shipping
2026-06-01,BDRY,13.03499984741211,grain_shipping
2026-06-02,BDRY,12.9399995803833,grain_shipping
2026-06-03,BDRY,12.619999885559082,grain_shipping
2026-06-04,BDRY,12.65999984741211,grain_shipping
2026-06-05,BDRY,12.699999809265137,grain_shipping
2026-06-08,BDRY,12.369999885559082,grain_shipping
2026-06-09,BDRY,12.369999885559082,grain_shipping
2026-06-10,BDRY,12.5,grain_shipping
2026-06-11,BDRY,12.520000457763672,grain_shipping
2026-06-12,BDRY,12.319999694824219,grain_shipping
2026-06-15,BDRY,11.989999771118164,grain_shipping
2026-06-16,BDRY,12.130000114440918,grain_shipping
2026-06-17,BDRY,11.880000114440918,grain_shipping
2026-06-18,BDRY,11.569999694824219,grain_shipping
